"item","element_type","width_m","height_m","area_m2","glass_supply_model","wind_load","thermal_performance","price_material_gbp","price_glass_unit_gbp","labour_work_gbp","coating_type","coating_total_gbp","margin_gbp","final_price_gbp","fabrication_time_h"
"1","Fixed window","1","1","1","Company supplies glass units (34% full project margin)","< 1.5 kN/m²","< 0.9 W/m²K","285","52,05","31","Pre-anodized + Qualicoat Class 1","138","161,517","667,567","4"
"2","Fixed window","1","1","1","External supplier provides glass units (43% material margin only)","< 1.5 kN/m²","< 0.9 W/m²K","285","0","16","Pre-anodized + Qualicoat Class 1","138","122,55","561,55","4"
"3","Fixed window","1","1","1","Company supplies glass units (34% full project margin)","< 1.5 kN/m²","0.9 – 1.2 W/m²K","275","40","31","Pre-anodized + Qualicoat Class 1","138","154,02","638,02","4"
"4","Fixed window","1","1","1","External supplier provides glass units (43% material margin only)","< 1.5 kN/m²","0.9 – 1.2 W/m²K","275","0","16","Pre-anodized + Qualicoat Class 1","138","118,25","547,25","4"
"5","Fixed window","1","1","1","Company supplies glass units (34% full project margin)","< 1.5 kN/m²","1.2 – 1.6 W/m²K","250","35","31","Pre-anodized + Qualicoat Class 1","138","143,82","597,82","4"
"6","Fixed window","1","1","1","External supplier provides glass units (43% material margin only)","< 1.5 kN/m²","1.2 – 1.6 W/m²K","250","0","16","Pre-anodized + Qualicoat Class 1","138","107,5","511,5","4"
"7","Fixed window","1","1","1","Company supplies glass units (34% full project margin)","1.5 – 1.6 kN/m²","< 0.9 W/m²K","300","54","31","Pre-anodized + Qualicoat Class 1","138","167,28","690,28","4"
"8","Fixed window","1","1","1","External supplier provides glass units (43% material margin only)","1.5 – 1.6 kN/m²","< 0.9 W/m²K","300","0","16","Pre-anodized + Qualicoat Class 1","138","129","583","4"
"9","Fixed window","1","1","1","Company supplies glass units (34% full project margin)","1.5 – 1.6 kN/m²","0.9 – 1.2 W/m²K","300","40","31","Pre-anodized + Qualicoat Class 1","138","162,52","671,52","4"
"10","Fixed window","1","1","1","External supplier provides glass units (43% material margin only)","1.5 – 1.6 kN/m²","0.9 – 1.2 W/m²K","300","0","16","Pre-anodized + Qualicoat Class 1","138","129","583","4"
"11","Fixed window","1","1","1","Company supplies glass units (34% full project margin)","1.5 – 1.6 kN/m²","1.2 – 1.6 W/m²K","300","35","31","Pre-anodized + Qualicoat Class 1","138","160,82","664,82","4"
"12","Fixed window","1","1","1","External supplier provides glass units (43% material margin only)","1.5 – 1.6 kN/m²","1.2 – 1.6 W/m²K","300","0","16","Pre-anodized + Qualicoat Class 1","138","129","583","4"
"13","Fixed window","1","1","1","Company supplies glass units (34% full project margin)","< 1.5 kN/m²","< 0.9 W/m²K","285","52,05","31","Qualicoat Class 2","168","171,717","707,767","4"
"14","Fixed window","1","1","1","External supplier provides glass units (43% material margin only)","< 1.5 kN/m²","< 0.9 W/m²K","285","0","16","Qualicoat Class 2","168","122,55","591,55","4"
"15","Fixed window","1","1","1","Company supplies glass units (34% full project margin)","< 1.5 kN/m²","0.9 – 1.2 W/m²K","275","40","31","Qualicoat Class 2","168","164,22","678,22","4"
"16","Fixed window","1","1","1","External supplier provides glass units (43% material margin only)","< 1.5 kN/m²","0.9 – 1.2 W/m²K","275","0","16","Qualicoat Class 2","168","118,25","577,25","4"
"17","Fixed window","1","1","1","Company supplies glass units (34% full project margin)","< 1.5 kN/m²","1.2 – 1.6 W/m²K","250","35","31","Qualicoat Class 2","168","154,02","638,02","4"
"18","Fixed window","1","1","1","External supplier provides glass units (43% material margin only)","< 1.5 kN/m²","1.2 – 1.6 W/m²K","250","0","16","Qualicoat Class 2","168","107,5","541,5","4"
"19","Fixed window","1","1","1","Company supplies glass units (34% full project margin)","1.5 – 1.6 kN/m²","< 0.9 W/m²K","300","54","31","Qualicoat Class 2","168","177,48","730,48","4"
"20","Fixed window","1","1","1","External supplier provides glass units (43% material margin only)","1.5 – 1.6 kN/m²","< 0.9 W/m²K","300","0","16","Qualicoat Class 2","168","129","613","4"
"21","Fixed window","1","1","1","Company supplies glass units (34% full project margin)","1.5 – 1.6 kN/m²","0.9 – 1.2 W/m²K","300","40","31","Qualicoat Class 2","168","172,72","711,72","4"
"22","Fixed window","1","1","1","External supplier provides glass units (43% material margin only)","1.5 – 1.6 kN/m²","0.9 – 1.2 W/m²K","300","0","16","Qualicoat Class 2","168","129","613","4"
"23","Fixed window","1","1","1","Company supplies glass units (34% full project margin)","1.5 – 1.6 kN/m²","1.2 – 1.6 W/m²K","300","35","31","Qualicoat Class 2","168","171,02","705,02","4"
"24","Fixed window","1","1","1","External supplier provides glass units (43% material margin only)","1.5 – 1.6 kN/m²","1.2 – 1.6 W/m²K","300","0","16","Qualicoat Class 2","168","129","613","4"
"25","Fixed window","1","1","1","Company supplies glass units (34% full project margin)","< 1.5 kN/m²","< 0.9 W/m²K","285","52,05","31","Qualicoat Seaside","268","205,717","841,767","4"
"26","Fixed window","1","1","1","External supplier provides glass units (43% material margin only)","< 1.5 kN/m²","< 0.9 W/m²K","285","0","16","Qualicoat Seaside","268","122,55","691,55","4"
"27","Fixed window","1","1","1","Company supplies glass units (34% full project margin)","< 1.5 kN/m²","0.9 – 1.2 W/m²K","275","40","31","Qualicoat Seaside","268","198,22","812,22","4"
"28","Fixed window","1","1","1","External supplier provides glass units (43% material margin only)","< 1.5 kN/m²","0.9 – 1.2 W/m²K","275","0","16","Qualicoat Seaside","268","118,25","677,25","4"
"29","Fixed window","1","1","1","Company supplies glass units (34% full project margin)","< 1.5 kN/m²","1.2 – 1.6 W/m²K","250","35","31","Qualicoat Seaside","268","188,02","772,02","4"
"30","Fixed window","1","1","1","External supplier provides glass units (43% material margin only)","< 1.5 kN/m²","1.2 – 1.6 W/m²K","250","0","16","Qualicoat Seaside","268","107,5","641,5","4"
"31","Fixed window","1","1","1","Company supplies glass units (34% full project margin)","1.5 – 1.6 kN/m²","< 0.9 W/m²K","300","54","31","Qualicoat Seaside","268","211,48","864,48","4"
"32","Fixed window","1","1","1","External supplier provides glass units (43% material margin only)","1.5 – 1.6 kN/m²","< 0.9 W/m²K","300","0","16","Qualicoat Seaside","268","129","713","4"
"33","Fixed window","1","1","1","Company supplies glass units (34% full project margin)","1.5 – 1.6 kN/m²","0.9 – 1.2 W/m²K","300","40","31","Qualicoat Seaside","268","206,72","845,72","4"
"34","Fixed window","1","1","1","External supplier provides glass units (43% material margin only)","1.5 – 1.6 kN/m²","0.9 – 1.2 W/m²K","300","0","16","Qualicoat Seaside","268","129","713","4"
"35","Fixed window","1","1","1","Company supplies glass units (34% full project margin)","1.5 – 1.6 kN/m²","1.2 – 1.6 W/m²K","300","35","31","Qualicoat Seaside","268","205,02","839,02","4"
"36","Fixed window","1","1","1","External supplier provides glass units (43% material margin only)","1.5 – 1.6 kN/m²","1.2 – 1.6 W/m²K","300","0","16","Qualicoat Seaside","268","129","713","4"
"37","Fixed window","2","2","4","Company supplies glass units (34% full project margin)","< 1.5 kN/m²","< 0.9 W/m²K","570","104,1","62","Pre-anodized + Qualicoat Class 1","552","416,874","1704,974","4"
"38","Fixed window","2","2","4","External supplier provides glass units (43% material margin only)","< 1.5 kN/m²","< 0.9 W/m²K","570","0","32","Pre-anodized + Qualicoat Class 1","552","245,1","1399,1","4"
"39","Fixed window","2","2","4","Company supplies glass units (34% full project margin)","< 1.5 kN/m²","0.9 – 1.2 W/m²K","550","80","62","Pre-anodized + Qualicoat Class 1","552","401,88","1645,88","4"
"40","Fixed window","2","2","4","External supplier provides glass units (43% material margin only)","< 1.5 kN/m²","0.9 – 1.2 W/m²K","550","0","32","Pre-anodized + Qualicoat Class 1","552","236,5","1370,5","4"
"41","Fixed window","2","2","4","Company supplies glass units (34% full project margin)","< 1.5 kN/m²","1.2 – 1.6 W/m²K","500","70","62","Pre-anodized + Qualicoat Class 1","552","381,48","1565,48","4"
"42","Fixed window","2","2","4","External supplier provides glass units (43% material margin only)","< 1.5 kN/m²","1.2 – 1.6 W/m²K","500","0","32","Pre-anodized + Qualicoat Class 1","552","215","1299","4"
"43","Fixed window","2","2","4","Company supplies glass units (34% full project margin)","1.5 – 1.6 kN/m²","< 0.9 W/m²K","600","108","62","Pre-anodized + Qualicoat Class 1","552","428,4","1750,4","4"
"44","Fixed window","2","2","4","External supplier provides glass units (43% material margin only)","1.5 – 1.6 kN/m²","< 0.9 W/m²K","600","0","32","Pre-anodized + Qualicoat Class 1","552","258","1442","4"
"45","Fixed window","2","2","4","Company supplies glass units (34% full project margin)","1.5 – 1.6 kN/m²","0.9 – 1.2 W/m²K","600","80","62","Pre-anodized + Qualicoat Class 1","552","418,88","1712,88","4"
"46","Fixed window","2","2","4","External supplier provides glass units (43% material margin only)","1.5 – 1.6 kN/m²","0.9 – 1.2 W/m²K","600","0","32","Pre-anodized + Qualicoat Class 1","552","258","1442","4"
"47","Fixed window","2","2","4","Company supplies glass units (34% full project margin)","1.5 – 1.6 kN/m²","1.2 – 1.6 W/m²K","600","70","62","Pre-anodized + Qualicoat Class 1","552","415,48","1699,48","4"
"48","Fixed window","2","2","4","External supplier provides glass units (43% material margin only)","1.5 – 1.6 kN/m²","1.2 – 1.6 W/m²K","600","0","32","Pre-anodized + Qualicoat Class 1","552","258","1442","4"
"49","Fixed window","2","2","4","Company supplies glass units (34% full project margin)","< 1.5 kN/m²","< 0.9 W/m²K","570","104,1","62","Qualicoat Class 2","672","457,674","1865,774","4"
"50","Fixed window","2","2","4","External supplier provides glass units (43% material margin only)","< 1.5 kN/m²","< 0.9 W/m²K","570","0","32","Qualicoat Class 2","672","245,1","1519,1","4"
"51","Fixed window","2","2","4","Company supplies glass units (34% full project margin)","< 1.5 kN/m²","0.9 – 1.2 W/m²K","550","80","62","Qualicoat Class 2","672","442,68","1806,68","4"
"52","Fixed window","2","2","4","External supplier provides glass units (43% material margin only)","< 1.5 kN/m²","0.9 – 1.2 W/m²K","550","0","32","Qualicoat Class 2","672","236,5","1490,5","4"
"53","Fixed window","2","2","4","Company supplies glass units (34% full project margin)","< 1.5 kN/m²","1.2 – 1.6 W/m²K","500","70","62","Qualicoat Class 2","672","422,28","1726,28","4"
"54","Fixed window","2","2","4","External supplier provides glass units (43% material margin only)","< 1.5 kN/m²","1.2 – 1.6 W/m²K","500","0","32","Qualicoat Class 2","672","215","1419","4"
"55","Fixed window","2","2","4","Company supplies glass units (34% full project margin)","1.5 – 1.6 kN/m²","< 0.9 W/m²K","600","108","62","Qualicoat Class 2","672","469,2","1911,2","4"
"56","Fixed window","2","2","4","External supplier provides glass units (43% material margin only)","1.5 – 1.6 kN/m²","< 0.9 W/m²K","600","0","32","Qualicoat Class 2","672","258","1562","4"
"57","Fixed window","2","2","4","Company supplies glass units (34% full project margin)","1.5 – 1.6 kN/m²","0.9 – 1.2 W/m²K","600","80","62","Qualicoat Class 2","672","459,68","1873,68","4"
"58","Fixed window","2","2","4","External supplier provides glass units (43% material margin only)","1.5 – 1.6 kN/m²","0.9 – 1.2 W/m²K","600","0","32","Qualicoat Class 2","672","258","1562","4"
"59","Fixed window","2","2","4","Company supplies glass units (34% full project margin)","1.5 – 1.6 kN/m²","1.2 – 1.6 W/m²K","600","70","62","Qualicoat Class 2","672","456,28","1860,28","4"
"60","Fixed window","2","2","4","External supplier provides glass units (43% material margin only)","1.5 – 1.6 kN/m²","1.2 – 1.6 W/m²K","600","0","32","Qualicoat Class 2","672","258","1562","4"
"61","Fixed window","2","2","4","Company supplies glass units (34% full project margin)","< 1.5 kN/m²","< 0.9 W/m²K","570","104,1","62","Qualicoat Seaside","1072","593,674","2401,774","4"
"62","Fixed window","2","2","4","External supplier provides glass units (43% material margin only)","< 1.5 kN/m²","< 0.9 W/m²K","570","0","32","Qualicoat Seaside","1072","245,1","1919,1","4"
"63","Fixed window","2","2","4","Company supplies glass units (34% full project margin)","< 1.5 kN/m²","0.9 – 1.2 W/m²K","550","80","62","Qualicoat Seaside","1072","578,68","2342,68","4"
"64","Fixed window","2","2","4","External supplier provides glass units (43% material margin only)","< 1.5 kN/m²","0.9 – 1.2 W/m²K","550","0","32","Qualicoat Seaside","1072","236,5","1890,5","4"
"65","Fixed window","2","2","4","Company supplies glass units (34% full project margin)","< 1.5 kN/m²","1.2 – 1.6 W/m²K","500","70","62","Qualicoat Seaside","1072","558,28","2262,28","4"
"66","Fixed window","2","2","4","External supplier provides glass units (43% material margin only)","< 1.5 kN/m²","1.2 – 1.6 W/m²K","500","0","32","Qualicoat Seaside","1072","215","1819","4"
"67","Fixed window","2","2","4","Company supplies glass units (34% full project margin)","1.5 – 1.6 kN/m²","< 0.9 W/m²K","600","108","62","Qualicoat Seaside","1072","605,2","2447,2","4"
"68","Fixed window","2","2","4","External supplier provides glass units (43% material margin only)","1.5 – 1.6 kN/m²","< 0.9 W/m²K","600","0","32","Qualicoat Seaside","1072","258","1962","4"
"69","Fixed window","2","2","4","Company supplies glass units (34% full project margin)","1.5 – 1.6 kN/m²","0.9 – 1.2 W/m²K","600","80","62","Qualicoat Seaside","1072","595,68","2409,68","4"
"70","Fixed window","2","2","4","External supplier provides glass units (43% material margin only)","1.5 – 1.6 kN/m²","0.9 – 1.2 W/m²K","600","0","32","Qualicoat Seaside","1072","258","1962","4"
"71","Fixed window","2","2","4","Company supplies glass units (34% full project margin)","1.5 – 1.6 kN/m²","1.2 – 1.6 W/m²K","600","70","62","Qualicoat Seaside","1072","592,28","2396,28","4"
"72","Fixed window","2","2","4","External supplier provides glass units (43% material margin only)","1.5 – 1.6 kN/m²","1.2 – 1.6 W/m²K","600","0","32","Qualicoat Seaside","1072","258","1962","4"
"1","Window","1","1","1","Company supplies glass units (34% full project margin)","< 1.5 kN/m²","< 0.9 W/m²K","715","41","67","Pre-anodized + Qualicoat Class 1","138","303,96","1264,96","4"
"2","Window","1","1","1","External supplier provides glass units (43% material margin only)","< 1.5 kN/m²","< 0.9 W/m²K","715","0","33","Pre-anodized + Qualicoat Class 1","138","307,45","1193,45","4"
"3","Window","1","1","1","Company supplies glass units (34% full project margin)","< 1.5 kN/m²","0.9 – 1.2 W/m²K","715","36","67","Pre-anodized + Qualicoat Class 1","138","302,26","1258,26","4"
"4","Window","1","1","1","External supplier provides glass units (43% material margin only)","< 1.5 kN/m²","0.9 – 1.2 W/m²K","715","0","33","Pre-anodized + Qualicoat Class 1","138","307,45","1193,45","4"
"5","Window","1","1","1","Company supplies glass units (34% full project margin)","< 1.5 kN/m²","1.2 – 1.6 W/m²K","715","30","67","Pre-anodized + Qualicoat Class 1","138","300,22","1250,22","4"
"6","Window","1","1","1","External supplier provides glass units (43% material margin only)","< 1.5 kN/m²","1.2 – 1.6 W/m²K","715","0","33","Pre-anodized + Qualicoat Class 1","138","307,45","1193,45","4"
"7","Window","1","1","1","Company supplies glass units (34% full project margin)","1.5 – 1.6 kN/m²","< 0.9 W/m²K","760","41","70","Pre-anodized + Qualicoat Class 1","138","319,26","1328,26","4"
"8","Window","1","1","1","External supplier provides glass units (43% material margin only)","1.5 – 1.6 kN/m²","< 0.9 W/m²K","760","0","35","Pre-anodized + Qualicoat Class 1","138","326,8","1259,8","4"
"9","Window","1","1","1","Company supplies glass units (34% full project margin)","1.5 – 1.6 kN/m²","0.9 – 1.2 W/m²K","760","36","70","Pre-anodized + Qualicoat Class 1","138","317,56","1321,56","4"
"10","Window","1","1","1","External supplier provides glass units (43% material margin only)","1.5 – 1.6 kN/m²","0.9 – 1.2 W/m²K","760","0","35","Pre-anodized + Qualicoat Class 1","138","326,8","1259,8","4"
"11","Window","1","1","1","Company supplies glass units (34% full project margin)","1.5 – 1.6 kN/m²","1.2 – 1.6 W/m²K","760","30","67","Pre-anodized + Qualicoat Class 1","138","315,52","1310,52","4"
"12","Window","1","1","1","External supplier provides glass units (43% material margin only)","1.5 – 1.6 kN/m²","1.2 – 1.6 W/m²K","760","0","67","Pre-anodized + Qualicoat Class 1","138","326,8","1291,8","4"
"13","Window","1","1","1","Company supplies glass units (34% full project margin)","< 1.5 kN/m²","< 0.9 W/m²K","715","41","33","Qualicoat Class 2","168","314,16","1271,16","4"
"14","Window","1","1","1","External supplier provides glass units (43% material margin only)","< 1.5 kN/m²","< 0.9 W/m²K","715","0","67","Qualicoat Class 2","168","307,45","1257,45","4"
"15","Window","1","1","1","Company supplies glass units (34% full project margin)","< 1.5 kN/m²","0.9 – 1.2 W/m²K","715","36","34","Qualicoat Class 2","168","312,46","1265,46","4"
"16","Window","1","1","1","External supplier provides glass units (43% material margin only)","< 1.5 kN/m²","0.9 – 1.2 W/m²K","715","0","67","Qualicoat Class 2","168","307,45","1257,45","4"
"17","Window","1","1","1","Company supplies glass units (34% full project margin)","< 1.5 kN/m²","1.2 – 1.6 W/m²K","715","30","33","Qualicoat Class 2","168","310,42","1256,42","4"
"18","Window","1","1","1","External supplier provides glass units (43% material margin only)","< 1.5 kN/m²","1.2 – 1.6 W/m²K","715","0","70","Qualicoat Class 2","168","307,45","1260,45","4"
"19","Window","1","1","1","Company supplies glass units (34% full project margin)","1.5 – 1.6 kN/m²","< 0.9 W/m²K","760","41","70","Qualicoat Class 2","168","329,46","1368,46","4"
"20","Window","1","1","1","External supplier provides glass units (43% material margin only)","1.5 – 1.6 kN/m²","< 0.9 W/m²K","760","0","35","Qualicoat Class 2","168","326,8","1289,8","4"
"21","Window","1","1","1","Company supplies glass units (34% full project margin)","1.5 – 1.6 kN/m²","0.9 – 1.2 W/m²K","760","36","70","Qualicoat Class 2","168","327,76","1361,76","4"
"22","Window","1","1","1","External supplier provides glass units (43% material margin only)","1.5 – 1.6 kN/m²","0.9 – 1.2 W/m²K","760","0","35","Qualicoat Class 2","168","326,8","1289,8","4"
"23","Window","1","1","1","Company supplies glass units (34% full project margin)","1.5 – 1.6 kN/m²","1.2 – 1.6 W/m²K","760","30","70","Qualicoat Class 2","168","325,72","1353,72","4"
"24","Window","1","1","1","External supplier provides glass units (43% material margin only)","1.5 – 1.6 kN/m²","1.2 – 1.6 W/m²K","760","0","35","Qualicoat Class 2","168","326,8","1289,8","4"
"13","Window","1","1","1","Company supplies glass units (34% full project margin)","< 1.5 kN/m²","< 0.9 W/m²K","715","41","67","Qualicoat Seaside","268","348,16","1439,16","4"
"14","Window","1","1","1","External supplier provides glass units (43% material margin only)","< 1.5 kN/m²","< 0.9 W/m²K","715","0","33","Qualicoat Seaside","268","307,45","1323,45","4"
"15","Window","1","1","1","Company supplies glass units (34% full project margin)","< 1.5 kN/m²","0.9 – 1.2 W/m²K","715","36","67","Qualicoat Seaside","268","346,46","1432,46","4"
"16","Window","1","1","1","External supplier provides glass units (43% material margin only)","< 1.5 kN/m²","0.9 – 1.2 W/m²K","715","0","33","Qualicoat Seaside","268","307,45","1323,45","4"
"17","Window","1","1","1","Company supplies glass units (34% full project margin)","< 1.5 kN/m²","1.2 – 1.6 W/m²K","715","30","67","Qualicoat Seaside","268","344,42","1424,42","4"
"18","Window","1","1","1","External supplier provides glass units (43% material margin only)","< 1.5 kN/m²","1.2 – 1.6 W/m²K","715","0","33","Qualicoat Seaside","268","307,45","1323,45","4"
"19","Window","1","1","1","Company supplies glass units (34% full project margin)","1.5 – 1.6 kN/m²","< 0.9 W/m²K","760","41","70","Qualicoat Seaside","268","363,46","1502,46","4"
"20","Window","1","1","1","External supplier provides glass units (43% material margin only)","1.5 – 1.6 kN/m²","< 0.9 W/m²K","760","0","35","Qualicoat Seaside","268","326,8","1389,8","4"
"21","Window","1","1","1","Company supplies glass units (34% full project margin)","1.5 – 1.6 kN/m²","0.9 – 1.2 W/m²K","760","36","70","Qualicoat Seaside","268","361,76","1495,76","4"
"22","Window","1","1","1","External supplier provides glass units (43% material margin only)","1.5 – 1.6 kN/m²","0.9 – 1.2 W/m²K","760","0","35","Qualicoat Seaside","268","326,8","1389,8","4"
"23","Window","1","1","1","Company supplies glass units (34% full project margin)","1.5 – 1.6 kN/m²","1.2 – 1.6 W/m²K","760","30","70","Qualicoat Seaside","268","359,72","1487,72","4"
"24","Window","1","1","1","External supplier provides glass units (43% material margin only)","1.5 – 1.6 kN/m²","1.2 – 1.6 W/m²K","760","0","35","Qualicoat Seaside","268","326,8","1389,8","4"
"1","Window","2","2","4","Company supplies glass units (34% full project margin)","< 1.5 kN/m²","< 0.9 W/m²K","715","41","67","Pre-anodized + Qualicoat Class 1","552","444,72","1819,72","4"
"2","Window","2","2","4","External supplier provides glass units (43% material margin only)","< 1.5 kN/m²","< 0.9 W/m²K","715","0","33","Pre-anodized + Qualicoat Class 1","552","307,45","1607,45","4"
"3","Window","2","2","4","Company supplies glass units (34% full project margin)","< 1.5 kN/m²","0.9 – 1.2 W/m²K","715","36","67","Pre-anodized + Qualicoat Class 1","552","443,02","1813,02","4"
"4","Window","2","2","4","External supplier provides glass units (43% material margin only)","< 1.5 kN/m²","0.9 – 1.2 W/m²K","715","0","33","Pre-anodized + Qualicoat Class 1","552","307,45","1607,45","4"
"5","Window","2","2","4","Company supplies glass units (34% full project margin)","< 1.5 kN/m²","1.2 – 1.6 W/m²K","715","30","67","Pre-anodized + Qualicoat Class 1","552","440,98","1804,98","4"
"6","Window","2","2","4","External supplier provides glass units (43% material margin only)","< 1.5 kN/m²","1.2 – 1.6 W/m²K","715","0","33","Pre-anodized + Qualicoat Class 1","552","307,45","1607,45","4"
"7","Window","2","2","4","Company supplies glass units (34% full project margin)","1.5 – 1.6 kN/m²","< 0.9 W/m²K","760","41","70","Pre-anodized + Qualicoat Class 1","552","460,02","1883,02","4"
"8","Window","2","2","4","External supplier provides glass units (43% material margin only)","1.5 – 1.6 kN/m²","< 0.9 W/m²K","760","0","35","Pre-anodized + Qualicoat Class 1","552","326,8","1673,8","4"
"9","Window","2","2","4","Company supplies glass units (34% full project margin)","1.5 – 1.6 kN/m²","0.9 – 1.2 W/m²K","760","36","70","Pre-anodized + Qualicoat Class 1","552","458,32","1876,32","4"
"10","Window","2","2","4","External supplier provides glass units (43% material margin only)","1.5 – 1.6 kN/m²","0.9 – 1.2 W/m²K","760","0","35","Pre-anodized + Qualicoat Class 1","552","326,8","1673,8","4"
"11","Window","2","2","4","Company supplies glass units (34% full project margin)","1.5 – 1.6 kN/m²","1.2 – 1.6 W/m²K","760","30","70","Pre-anodized + Qualicoat Class 1","552","456,28","1868,28","4"
"12","Window","2","2","4","External supplier provides glass units (43% material margin only)","1.5 – 1.6 kN/m²","1.2 – 1.6 W/m²K","760","0","35","Pre-anodized + Qualicoat Class 1","552","326,8","1673,8","4"
"13","Window","2","2","4","Company supplies glass units (34% full project margin)","< 1.5 kN/m²","< 0.9 W/m²K","715","41","67","Qualicoat Class 2","672","485,52","1980,52","4"
"14","Window","2","2","4","External supplier provides glass units (43% material margin only)","< 1.5 kN/m²","< 0.9 W/m²K","715","0","33","Qualicoat Class 2","672","307,45","1727,45","4"
"15","Window","2","2","4","Company supplies glass units (34% full project margin)","< 1.5 kN/m²","0.9 – 1.2 W/m²K","715","36","67","Qualicoat Class 2","672","483,82","1973,82","4"
"16","Window","2","2","4","External supplier provides glass units (43% material margin only)","< 1.5 kN/m²","0.9 – 1.2 W/m²K","715","0","33","Qualicoat Class 2","672","307,45","1727,45","4"
"17","Window","2","2","4","Company supplies glass units (34% full project margin)","< 1.5 kN/m²","1.2 – 1.6 W/m²K","715","30","67","Qualicoat Class 2","672","481,78","1965,78","4"
"18","Window","2","2","4","External supplier provides glass units (43% material margin only)","< 1.5 kN/m²","1.2 – 1.6 W/m²K","715","0","33","Qualicoat Class 2","672","307,45","1727,45","4"
"19","Window","2","2","4","Company supplies glass units (34% full project margin)","1.5 – 1.6 kN/m²","< 0.9 W/m²K","760","41","70","Qualicoat Class 2","672","500,82","2043,82","4"
"20","Window","2","2","4","External supplier provides glass units (43% material margin only)","1.5 – 1.6 kN/m²","< 0.9 W/m²K","760","0","35","Qualicoat Class 2","672","326,8","1793,8","4"
"21","Window","2","2","4","Company supplies glass units (34% full project margin)","1.5 – 1.6 kN/m²","0.9 – 1.2 W/m²K","760","36","70","Qualicoat Class 2","672","499,12","2037,12","4"
"22","Window","2","2","4","External supplier provides glass units (43% material margin only)","1.5 – 1.6 kN/m²","0.9 – 1.2 W/m²K","760","0","35","Qualicoat Class 2","672","326,8","1793,8","4"
"23","Window","2","2","4","Company supplies glass units (34% full project margin)","1.5 – 1.6 kN/m²","1.2 – 1.6 W/m²K","760","30","70","Qualicoat Class 2","672","497,08","2029,08","4"
"24","Window","2","2","4","External supplier provides glass units (43% material margin only)","1.5 – 1.6 kN/m²","1.2 – 1.6 W/m²K","760","0","35","Qualicoat Class 2","672","326,8","1793,8","4"
"13","Window","2","2","4","Company supplies glass units (34% full project margin)","< 1.5 kN/m²","< 0.9 W/m²K","715","41","67","Qualicoat Seaside","1072","621,52","2516,52","4"
"14","Window","2","2","4","External supplier provides glass units (43% material margin only)","< 1.5 kN/m²","< 0.9 W/m²K","715","0","33","Qualicoat Seaside","1072","307,45","2127,45","4"
"15","Window","2","2","4","Company supplies glass units (34% full project margin)","< 1.5 kN/m²","0.9 – 1.2 W/m²K","715","36","67","Qualicoat Seaside","1072","619,82","2509,82","4"
"16","Window","2","2","4","External supplier provides glass units (43% material margin only)","< 1.5 kN/m²","0.9 – 1.2 W/m²K","715","0","33","Qualicoat Seaside","1072","307,45","2127,45","4"
"17","Window","2","2","4","Company supplies glass units (34% full project margin)","< 1.5 kN/m²","1.2 – 1.6 W/m²K","715","30","67","Qualicoat Seaside","1072","617,78","2501,78","4"
"18","Window","2","2","4","External supplier provides glass units (43% material margin only)","< 1.5 kN/m²","1.2 – 1.6 W/m²K","715","0","33","Qualicoat Seaside","1072","307,45","2127,45","4"
"19","Window","2","2","4","Company supplies glass units (34% full project margin)","1.5 – 1.6 kN/m²","< 0.9 W/m²K","760","41","70","Qualicoat Seaside","1072","636,82","2579,82","4"
"20","Window","2","2","4","External supplier provides glass units (43% material margin only)","1.5 – 1.6 kN/m²","< 0.9 W/m²K","760","0","35","Qualicoat Seaside","1072","326,8","2193,8","4"
"21","Window","2","2","4","Company supplies glass units (34% full project margin)","1.5 – 1.6 kN/m²","0.9 – 1.2 W/m²K","760","36","70","Qualicoat Seaside","1072","635,12","2573,12","4"
"22","Window","2","2","4","External supplier provides glass units (43% material margin only)","1.5 – 1.6 kN/m²","0.9 – 1.2 W/m²K","760","0","35","Qualicoat Seaside","1072","326,8","2193,8","4"
"23","Window","2","2","4","Company supplies glass units (34% full project margin)","1.5 – 1.6 kN/m²","1.2 – 1.6 W/m²K","760","30","70","Qualicoat Seaside","1072","633,08","2565,08","4"
"24","Window","2","2","4","External supplier provides glass units (43% material margin only)","1.5 – 1.6 kN/m²","1.2 – 1.6 W/m²K","760","0","35","Qualicoat Seaside","1072","326,8","2193,8","4"
"1","Single door","1","2","2","Company supplies glass units (34% full project margin)","< 1.5 kN/m²","< 0.9 W/m²K","1818","98","183","Pre-anodized + Qualicoat Class 1","276","745,28","3120,28","8"
"2","Single door","1","2","2","External supplier provides glass units (43% material margin only)","< 1.5 kN/m²","< 0.9 W/m²K","1818","0","91","Pre-anodized + Qualicoat Class 1","276","781,74","2966,74","8"
"3","Single door","1","2","2","Company supplies glass units (34% full project margin)","< 1.5 kN/m²","0.9 – 1.2 W/m²K","1818","85","183","Pre-anodized + Qualicoat Class 1","276","740,86","3102,86","8"
"4","Single door","1","2","2","External supplier provides glass units (43% material margin only)","< 1.5 kN/m²","0.9 – 1.2 W/m²K","1818","0","91","Pre-anodized + Qualicoat Class 1","276","781,74","2966,74","8"
"5","Single door","1","2","2","Company supplies glass units (34% full project margin)","< 1.5 kN/m²","1.2 – 1.6 W/m²K","1818","80","183","Pre-anodized + Qualicoat Class 1","276","739,16","3096,16","8"
"6","Single door","1","2","2","External supplier provides glass units (43% material margin only)","< 1.5 kN/m²","1.2 – 1.6 W/m²K","1818","0","91","Pre-anodized + Qualicoat Class 1","276","781,74","2966,74","8"
"7","Single door","1","2","2","Company supplies glass units (34% full project margin)","1.5 – 1.6 kN/m²","< 0.9 W/m²K","1900","98","183","Pre-anodized + Qualicoat Class 1","276","773,16","3230,16","8"
"8","Single door","1","2","2","External supplier provides glass units (43% material margin only)","1.5 – 1.6 kN/m²","< 0.9 W/m²K","1900","0","91","Pre-anodized + Qualicoat Class 1","276","817","3084","8"
"9","Single door","1","2","2","Company supplies glass units (34% full project margin)","1.5 – 1.6 kN/m²","0.9 – 1.2 W/m²K","1900","85","183","Pre-anodized + Qualicoat Class 1","276","768,74","3212,74","8"
"10","Single door","1","2","2","External supplier provides glass units (43% material margin only)","1.5 – 1.6 kN/m²","0.9 – 1.2 W/m²K","1900","0","91","Pre-anodized + Qualicoat Class 1","276","817","3084","8"
"11","Single door","1","2","2","Company supplies glass units (34% full project margin)","1.5 – 1.6 kN/m²","1.2 – 1.6 W/m²K","1900","80","183","Pre-anodized + Qualicoat Class 1","276","767,04","3206,04","8"
"12","Single door","1","2","2","External supplier provides glass units (43% material margin only)","1.5 – 1.6 kN/m²","1.2 – 1.6 W/m²K","1900","0","91","Pre-anodized + Qualicoat Class 1","276","817","3084","8"
"13","Single door","1","2","2","Company supplies glass units (34% full project margin)","< 1.5 kN/m²","< 0.9 W/m²K","1818","98","183","Qualicoat Class 2","336","765,68","3200,68","8"
"14","Single door","1","2","2","External supplier provides glass units (43% material margin only)","< 1.5 kN/m²","< 0.9 W/m²K","1818","0","91","Qualicoat Class 2","336","781,74","3026,74","8"
"15","Single door","1","2","2","Company supplies glass units (34% full project margin)","< 1.5 kN/m²","0.9 – 1.2 W/m²K","1818","85","183","Qualicoat Class 2","336","761,26","3183,26","8"
"16","Single door","1","2","2","External supplier provides glass units (43% material margin only)","< 1.5 kN/m²","0.9 – 1.2 W/m²K","1818","0","91","Qualicoat Class 2","336","781,74","3026,74","8"
"17","Single door","1","2","2","Company supplies glass units (34% full project margin)","< 1.5 kN/m²","1.2 – 1.6 W/m²K","1818","80","183","Qualicoat Class 2","336","759,56","3176,56","8"
"18","Single door","1","2","2","External supplier provides glass units (43% material margin only)","< 1.5 kN/m²","1.2 – 1.6 W/m²K","1818","0","91","Qualicoat Class 2","336","781,74","3026,74","8"
"19","Single door","1","2","2","Company supplies glass units (34% full project margin)","1.5 – 1.6 kN/m²","< 0.9 W/m²K","1900","98","183","Qualicoat Class 2","336","793,56","3310,56","8"
"20","Single door","1","2","2","External supplier provides glass units (43% material margin only)","1.5 – 1.6 kN/m²","< 0.9 W/m²K","1900","0","91","Qualicoat Class 2","336","817","3144","8"
"21","Single door","1","2","2","Company supplies glass units (34% full project margin)","1.5 – 1.6 kN/m²","0.9 – 1.2 W/m²K","1900","85","183","Qualicoat Class 2","336","789,14","3293,14","8"
"22","Single door","1","2","2","External supplier provides glass units (43% material margin only)","1.5 – 1.6 kN/m²","0.9 – 1.2 W/m²K","1900","0","91","Qualicoat Class 2","336","817","3144","8"
"23","Single door","1","2","2","Company supplies glass units (34% full project margin)","1.5 – 1.6 kN/m²","1.2 – 1.6 W/m²K","1900","80","183","Qualicoat Class 2","336","787,44","3286,44","8"
"24","Single door","1","2","2","External supplier provides glass units (43% material margin only)","1.5 – 1.6 kN/m²","1.2 – 1.6 W/m²K","1900","0","91","Qualicoat Class 2","336","817","3144","8"
"13","Single door","1","2","2","Company supplies glass units (34% full project margin)","< 1.5 kN/m²","< 0.9 W/m²K","1818","98","183","Qualicoat Seaside","536","833,68","3468,68","8"
"14","Single door","1","2","2","External supplier provides glass units (43% material margin only)","< 1.5 kN/m²","< 0.9 W/m²K","1818","0","91","Qualicoat Seaside","536","781,74","3226,74","8"
"15","Single door","1","2","2","Company supplies glass units (34% full project margin)","< 1.5 kN/m²","0.9 – 1.2 W/m²K","1818","85","183","Qualicoat Seaside","536","829,26","3451,26","8"
"16","Single door","1","2","2","External supplier provides glass units (43% material margin only)","< 1.5 kN/m²","0.9 – 1.2 W/m²K","1818","0","91","Qualicoat Seaside","536","781,74","3226,74","8"
"17","Single door","1","2","2","Company supplies glass units (34% full project margin)","< 1.5 kN/m²","1.2 – 1.6 W/m²K","1818","80","183","Qualicoat Seaside","536","827,56","3444,56","8"
"18","Single door","1","2","2","External supplier provides glass units (43% material margin only)","< 1.5 kN/m²","1.2 – 1.6 W/m²K","1818","0","91","Qualicoat Seaside","536","781,74","3226,74","8"
"19","Single door","1","2","2","Company supplies glass units (34% full project margin)","1.5 – 1.6 kN/m²","< 0.9 W/m²K","1900","98","183","Qualicoat Seaside","536","861,56","3578,56","8"
"20","Single door","1","2","2","External supplier provides glass units (43% material margin only)","1.5 – 1.6 kN/m²","< 0.9 W/m²K","1900","0","91","Qualicoat Seaside","536","817","3344","8"
"21","Single door","1","2","2","Company supplies glass units (34% full project margin)","1.5 – 1.6 kN/m²","0.9 – 1.2 W/m²K","1900","85","183","Qualicoat Seaside","536","857,14","3561,14","8"
"22","Single door","1","2","2","External supplier provides glass units (43% material margin only)","1.5 – 1.6 kN/m²","0.9 – 1.2 W/m²K","1900","0","91","Qualicoat Seaside","536","817","3344","8"
"23","Single door","1","2","2","Company supplies glass units (34% full project margin)","1.5 – 1.6 kN/m²","1.2 – 1.6 W/m²K","1900","80","183","Qualicoat Seaside","536","855,44","3554,44","8"
"24","Single door","1","2","2","External supplier provides glass units (43% material margin only)","1.5 – 1.6 kN/m²","1.2 – 1.6 W/m²K","1900","0","91","Qualicoat Seaside","536","817","3344","8"
"1","Double door","2","2","4","Company supplies glass units (34% full project margin)","< 1.5 kN/m²","< 0.9 W/m²K","3019","198","317","Pre-anodized + Qualicoat Class 1","552","1281,46","5367,46","16"
"2","Double door","2","2","4","External supplier provides glass units (43% material margin only)","< 1.5 kN/m²","< 0.9 W/m²K","3019","0","158","Pre-anodized + Qualicoat Class 1","552","1298,17","5027,17","16"
"3","Double door","2","2","4","Company supplies glass units (34% full project margin)","< 1.5 kN/m²","0.9 – 1.2 W/m²K","3019","190","317","Pre-anodized + Qualicoat Class 1","552","1278,74","5356,74","16"
"4","Double door","2","2","4","External supplier provides glass units (43% material margin only)","< 1.5 kN/m²","0.9 – 1.2 W/m²K","3019","0","158","Pre-anodized + Qualicoat Class 1","552","1298,17","5027,17","16"
"5","Double door","2","2","4","Company supplies glass units (34% full project margin)","< 1.5 kN/m²","1.2 – 1.6 W/m²K","3019","185","317","Pre-anodized + Qualicoat Class 1","552","1277,04","5350,04","16"
"6","Double door","2","2","4","External supplier provides glass units (43% material margin only)","< 1.5 kN/m²","1.2 – 1.6 W/m²K","3019","0","158","Pre-anodized + Qualicoat Class 1","552","1298,17","5027,17","16"
"7","Double door","2","2","4","Company supplies glass units (34% full project margin)","1.5 – 1.6 kN/m²","< 0.9 W/m²K","3091","198","317","Pre-anodized + Qualicoat Class 1","552","1305,94","5463,94","16"
"8","Double door","2","2","4","External supplier provides glass units (43% material margin only)","1.5 – 1.6 kN/m²","< 0.9 W/m²K","3091","0","158","Pre-anodized + Qualicoat Class 1","138","1329,13","4716,13","16"
"9","Double door","2","2","4","Company supplies glass units (34% full project margin)","1.5 – 1.6 kN/m²","0.9 – 1.2 W/m²K","3091","190","317","Pre-anodized + Qualicoat Class 1","552","1303,22","5453,22","16"
"10","Double door","2","2","4","External supplier provides glass units (43% material margin only)","1.5 – 1.6 kN/m²","0.9 – 1.2 W/m²K","3091","0","158","Pre-anodized + Qualicoat Class 1","552","1329,13","5130,13","16"
"11","Double door","2","2","4","Company supplies glass units (34% full project margin)","1.5 – 1.6 kN/m²","1.2 – 1.6 W/m²K","3091","185","317","Pre-anodized + Qualicoat Class 1","552","1301,52","5446,52","16"
"12","Double door","2","2","4","External supplier provides glass units (43% material margin only)","1.5 – 1.6 kN/m²","1.2 – 1.6 W/m²K","3091","0","158","Pre-anodized + Qualicoat Class 1","552","1329,13","5130,13","16"
"13","Double door","2","2","4","Company supplies glass units (34% full project margin)","< 1.5 kN/m²","< 0.9 W/m²K","3019","198","317","Qualicoat Class 2","672","1322,26","5528,26","16"
"14","Double door","2","2","4","External supplier provides glass units (43% material margin only)","< 1.5 kN/m²","< 0.9 W/m²K","3019","0","158","Qualicoat Class 2","672","1298,17","5147,17","16"
"15","Double door","2","2","4","Company supplies glass units (34% full project margin)","< 1.5 kN/m²","0.9 – 1.2 W/m²K","3019","190","317","Qualicoat Class 2","672","1319,54","5517,54","16"
"16","Double door","2","2","4","External supplier provides glass units (43% material margin only)","< 1.5 kN/m²","0.9 – 1.2 W/m²K","3019","0","158","Qualicoat Class 2","672","1298,17","5147,17","16"
"17","Double door","2","2","4","Company supplies glass units (34% full project margin)","< 1.5 kN/m²","1.2 – 1.6 W/m²K","3019","185","317","Qualicoat Class 2","672","1317,84","5510,84","16"
"18","Double door","2","2","4","External supplier provides glass units (43% material margin only)","< 1.5 kN/m²","1.2 – 1.6 W/m²K","3019","0","158","Qualicoat Class 2","672","1298,17","5147,17","16"
"19","Double door","2","2","4","Company supplies glass units (34% full project margin)","1.5 – 1.6 kN/m²","< 0.9 W/m²K","3091","198","317","Qualicoat Class 2","672","1346,74","5624,74","16"
"20","Double door","2","2","4","External supplier provides glass units (43% material margin only)","1.5 – 1.6 kN/m²","< 0.9 W/m²K","3091","0","158","Qualicoat Class 2","672","1329,13","5250,13","16"
"21","Double door","2","2","4","Company supplies glass units (34% full project margin)","1.5 – 1.6 kN/m²","0.9 – 1.2 W/m²K","3091","190","317","Qualicoat Class 2","672","1344,02","5614,02","16"
"22","Double door","2","2","4","External supplier provides glass units (43% material margin only)","1.5 – 1.6 kN/m²","0.9 – 1.2 W/m²K","3091","0","158","Qualicoat Class 2","672","1329,13","5250,13","16"
"23","Double door","2","2","4","Company supplies glass units (34% full project margin)","1.5 – 1.6 kN/m²","1.2 – 1.6 W/m²K","3091","185","317","Qualicoat Class 2","672","1342,32","5607,32","16"
"24","Double door","2","2","4","External supplier provides glass units (43% material margin only)","1.5 – 1.6 kN/m²","1.2 – 1.6 W/m²K","3091","0","158","Qualicoat Class 2","672","1329,13","5250,13","16"
"13","Double door","2","2","4","Company supplies glass units (34% full project margin)","< 1.5 kN/m²","< 0.9 W/m²K","3019","198","317","Qualicoat Seaside","1072","1458,26","6064,26","16"
"14","Double door","2","2","4","External supplier provides glass units (43% material margin only)","< 1.5 kN/m²","< 0.9 W/m²K","3019","0","158","Qualicoat Seaside","1072","1298,17","5547,17","16"
"15","Double door","2","2","4","Company supplies glass units (34% full project margin)","< 1.5 kN/m²","0.9 – 1.2 W/m²K","3019","190","317","Qualicoat Seaside","1072","1455,54","6053,54","16"
"16","Double door","2","2","4","External supplier provides glass units (43% material margin only)","< 1.5 kN/m²","0.9 – 1.2 W/m²K","3019","0","158","Qualicoat Seaside","1072","1298,17","5547,17","16"
"17","Double door","2","2","4","Company supplies glass units (34% full project margin)","< 1.5 kN/m²","1.2 – 1.6 W/m²K","3019","185","317","Qualicoat Seaside","1072","1453,84","6046,84","16"
"18","Double door","2","2","4","External supplier provides glass units (43% material margin only)","< 1.5 kN/m²","1.2 – 1.6 W/m²K","3019","0","158","Qualicoat Seaside","1072","1298,17","5547,17","16"
"19","Double door","2","2","4","Company supplies glass units (34% full project margin)","1.5 – 1.6 kN/m²","< 0.9 W/m²K","3091","198","317","Qualicoat Seaside","1072","1482,74","6160,74","16"
"20","Double door","2","2","4","External supplier provides glass units (43% material margin only)","1.5 – 1.6 kN/m²","< 0.9 W/m²K","3091","0","158","Qualicoat Seaside","1072","1329,13","5650,13","16"
"21","Double door","2","2","4","Company supplies glass units (34% full project margin)","1.5 – 1.6 kN/m²","0.9 – 1.2 W/m²K","3091","190","317","Qualicoat Seaside","1072","1480,02","6150,02","16"
"22","Double door","2","2","4","External supplier provides glass units (43% material margin only)","1.5 – 1.6 kN/m²","0.9 – 1.2 W/m²K","3091","0","158","Qualicoat Seaside","1072","1329,13","5650,13","16"
"23","Double door","2","2","4","Company supplies glass units (34% full project margin)","1.5 – 1.6 kN/m²","1.2 – 1.6 W/m²K","3091","185","317","Qualicoat Seaside","1072","1478,32","6143,32","16"
"24","Double door","2","2","4","External supplier provides glass units (43% material margin only)","1.5 – 1.6 kN/m²","1.2 – 1.6 W/m²K","3091","0","158","Qualicoat Seaside","1072","1329,13","5650,13","16"
"1","Facade","1","1","1","Company supplies glass units (34% full project margin)","< 1.5 kN/m²","< 0.9 W/m²K","477","42","75","Pre-anodized + Qualicoat Class 1","138","223,38","955,38","5"
"2","Facade","1","1","1","External supplier provides glass units (43% material margin only)","< 1.5 kN/m²","< 0.9 W/m²K","477","0","37","Pre-anodized + Qualicoat Class 1","138","205,11","857,11","5"
"3","Facade","1","1","1","Company supplies glass units (34% full project margin)","< 1.5 kN/m²","0.9 – 1.2 W/m²K","477","37","75","Pre-anodized + Qualicoat Class 1","138","221,68","948,68","5"
"4","Facade","1","1","1","External supplier provides glass units (43% material margin only)","< 1.5 kN/m²","0.9 – 1.2 W/m²K","477","0","37","Pre-anodized + Qualicoat Class 1","138","205,11","857,11","5"
"5","Facade","1","1","1","Company supplies glass units (34% full project margin)","< 1.5 kN/m²","1.2 – 1.6 W/m²K","477","32","75","Pre-anodized + Qualicoat Class 1","138","219,98","941,98","5"
"6","Facade","1","1","1","External supplier provides glass units (43% material margin only)","< 1.5 kN/m²","1.2 – 1.6 W/m²K","477","0","37","Pre-anodized + Qualicoat Class 1","138","205,11","857,11","5"
"7","Facade","1","1","1","Company supplies glass units (34% full project margin)","1.5 – 1.6 kN/m²","< 0.9 W/m²K","577","42","75","Pre-anodized + Qualicoat Class 1","138","257,38","1089,38","5"
"8","Facade","1","1","1","External supplier provides glass units (43% material margin only)","1.5 – 1.6 kN/m²","< 0.9 W/m²K","577","0","37","Pre-anodized + Qualicoat Class 1","138","248,11","1000,11","5"
"9","Facade","1","1","1","Company supplies glass units (34% full project margin)","1.5 – 1.6 kN/m²","0.9 – 1.2 W/m²K","577","37","75","Pre-anodized + Qualicoat Class 1","138","255,68","1082,68","5"
"10","Facade","1","1","1","External supplier provides glass units (43% material margin only)","1.5 – 1.6 kN/m²","0.9 – 1.2 W/m²K","577","0","37","Pre-anodized + Qualicoat Class 1","138","248,11","1000,11","5"
"11","Facade","1","1","1","Company supplies glass units (34% full project margin)","1.5 – 1.6 kN/m²","1.2 – 1.6 W/m²K","577","32","75","Pre-anodized + Qualicoat Class 1","138","253,98","1075,98","5"
"12","Facade","1","1","1","External supplier provides glass units (43% material margin only)","1.5 – 1.6 kN/m²","1.2 – 1.6 W/m²K","577","0","37","Pre-anodized + Qualicoat Class 1","138","248,11","1000,11","5"
"13","Facade","1","1","1","Company supplies glass units (34% full project margin)","< 1.5 kN/m²","< 0.9 W/m²K","477","42","75","Qualicoat Class 2","168","233,58","995,58","5"
"14","Facade","1","1","1","External supplier provides glass units (43% material margin only)","< 1.5 kN/m²","< 0.9 W/m²K","477","0","37","Qualicoat Class 2","168","205,11","887,11","5"
"15","Facade","1","1","1","Company supplies glass units (34% full project margin)","< 1.5 kN/m²","0.9 – 1.2 W/m²K","477","37","75","Qualicoat Class 2","168","231,88","988,88","5"
"16","Facade","1","1","1","External supplier provides glass units (43% material margin only)","< 1.5 kN/m²","0.9 – 1.2 W/m²K","477","0","37","Qualicoat Class 2","168","205,11","887,11","5"
"17","Facade","1","1","1","Company supplies glass units (34% full project margin)","< 1.5 kN/m²","1.2 – 1.6 W/m²K","477","32","75","Qualicoat Class 2","168","230,18","982,18","5"
"18","Facade","1","1","1","External supplier provides glass units (43% material margin only)","< 1.5 kN/m²","1.2 – 1.6 W/m²K","477","0","37","Qualicoat Class 2","168","205,11","887,11","5"
"19","Facade","1","1","1","Company supplies glass units (34% full project margin)","1.5 – 1.6 kN/m²","< 0.9 W/m²K","577","42","75","Qualicoat Class 2","168","267,58","1129,58","5"
"20","Facade","1","1","1","External supplier provides glass units (43% material margin only)","1.5 – 1.6 kN/m²","< 0.9 W/m²K","577","0","37","Qualicoat Class 2","168","248,11","1030,11","5"
"21","Facade","1","1","1","Company supplies glass units (34% full project margin)","1.5 – 1.6 kN/m²","0.9 – 1.2 W/m²K","577","37","75","Qualicoat Class 2","168","265,88","1122,88","5"
"22","Facade","1","1","1","External supplier provides glass units (43% material margin only)","1.5 – 1.6 kN/m²","0.9 – 1.2 W/m²K","577","0","37","Qualicoat Class 2","168","248,11","1030,11","5"
"23","Facade","1","1","1","Company supplies glass units (34% full project margin)","1.5 – 1.6 kN/m²","1.2 – 1.6 W/m²K","577","32","75","Qualicoat Class 2","168","264,18","1116,18","5"
"24","Facade","1","1","1","External supplier provides glass units (43% material margin only)","1.5 – 1.6 kN/m²","1.2 – 1.6 W/m²K","577","0","37","Qualicoat Class 2","168","248,11","1030,11","5"
"13","Facade","1","1","1","Company supplies glass units (34% full project margin)","< 1.5 kN/m²","< 0.9 W/m²K","477","42","75","Qualicoat Seaside","268","267,58","1129,58","5"
"14","Facade","1","1","1","External supplier provides glass units (43% material margin only)","< 1.5 kN/m²","< 0.9 W/m²K","477","0","37","Qualicoat Seaside","268","205,11","987,11","5"
"15","Facade","1","1","1","Company supplies glass units (34% full project margin)","< 1.5 kN/m²","0.9 – 1.2 W/m²K","477","37","75","Qualicoat Seaside","268","265,88","1122,88","5"
"16","Facade","1","1","1","External supplier provides glass units (43% material margin only)","< 1.5 kN/m²","0.9 – 1.2 W/m²K","477","0","37","Qualicoat Seaside","268","205,11","987,11","5"
"17","Facade","1","1","1","Company supplies glass units (34% full project margin)","< 1.5 kN/m²","1.2 – 1.6 W/m²K","477","32","75","Qualicoat Seaside","268","264,18","1116,18","5"
"18","Facade","1","1","1","External supplier provides glass units (43% material margin only)","< 1.5 kN/m²","1.2 – 1.6 W/m²K","477","0","37","Qualicoat Seaside","268","205,11","987,11","5"
"19","Facade","1","1","1","Company supplies glass units (34% full project margin)","1.5 – 1.6 kN/m²","< 0.9 W/m²K","577","42","75","Qualicoat Seaside","268","301,58","1263,58","5"
"20","Facade","1","1","1","External supplier provides glass units (43% material margin only)","1.5 – 1.6 kN/m²","< 0.9 W/m²K","577","0","37","Qualicoat Seaside","268","248,11","1130,11","5"
"21","Facade","1","1","1","Company supplies glass units (34% full project margin)","1.5 – 1.6 kN/m²","0.9 – 1.2 W/m²K","577","37","75","Qualicoat Seaside","268","299,88","1256,88","5"
"22","Facade","1","1","1","External supplier provides glass units (43% material margin only)","1.5 – 1.6 kN/m²","0.9 – 1.2 W/m²K","577","0","37","Qualicoat Seaside","268","248,11","1130,11","5"
"23","Facade","1","1","1","Company supplies glass units (34% full project margin)","1.5 – 1.6 kN/m²","1.2 – 1.6 W/m²K","577","32","75","Qualicoat Seaside","268","298,18","1250,18","5"
"24","Facade","1","1","1","External supplier provides glass units (43% material margin only)","1.5 – 1.6 kN/m²","1.2 – 1.6 W/m²K","577","0","37","Qualicoat Seaside","268","248,11","1130,11","5"
"1","Facade","2","2","4","Company supplies glass units (34% full project margin)","< 1.5 kN/m²","< 0.9 W/m²K","477","42","75","Pre-anodized + Qualicoat Class 1","552","364,14","1510,14","5"
"2","Facade","2","2","4","External supplier provides glass units (43% material margin only)","< 1.5 kN/m²","< 0.9 W/m²K","477","0","37","Pre-anodized + Qualicoat Class 1","552","205,11","1271,11","5"
"3","Facade","2","2","4","Company supplies glass units (34% full project margin)","< 1.5 kN/m²","0.9 – 1.2 W/m²K","477","37","75","Pre-anodized + Qualicoat Class 1","552","362,44","1503,44","5"
"4","Facade","2","2","4","External supplier provides glass units (43% material margin only)","< 1.5 kN/m²","0.9 – 1.2 W/m²K","477","0","37","Pre-anodized + Qualicoat Class 1","552","205,11","1271,11","5"
"5","Facade","2","2","4","Company supplies glass units (34% full project margin)","< 1.5 kN/m²","1.2 – 1.6 W/m²K","477","32","75","Pre-anodized + Qualicoat Class 1","552","360,74","1496,74","5"
"6","Facade","2","2","4","External supplier provides glass units (43% material margin only)","< 1.5 kN/m²","1.2 – 1.6 W/m²K","477","0","37","Pre-anodized + Qualicoat Class 1","552","205,11","1271,11","5"
"7","Facade","2","2","4","Company supplies glass units (34% full project margin)","1.5 – 1.6 kN/m²","< 0.9 W/m²K","577","42","75","Pre-anodized + Qualicoat Class 1","552","398,14","1644,14","5"
"8","Facade","2","2","4","External supplier provides glass units (43% material margin only)","1.5 – 1.6 kN/m²","< 0.9 W/m²K","577","0","37","Pre-anodized + Qualicoat Class 1","552","248,11","1414,11","5"
"9","Facade","2","2","4","Company supplies glass units (34% full project margin)","1.5 – 1.6 kN/m²","0.9 – 1.2 W/m²K","577","37","75","Pre-anodized + Qualicoat Class 1","552","396,44","1637,44","5"
"10","Facade","2","2","4","External supplier provides glass units (43% material margin only)","1.5 – 1.6 kN/m²","0.9 – 1.2 W/m²K","577","0","37","Pre-anodized + Qualicoat Class 1","552","248,11","1414,11","5"
"11","Facade","2","2","4","Company supplies glass units (34% full project margin)","1.5 – 1.6 kN/m²","1.2 – 1.6 W/m²K","577","32","75","Pre-anodized + Qualicoat Class 1","552","394,74","1630,74","5"
"12","Facade","2","2","4","External supplier provides glass units (43% material margin only)","1.5 – 1.6 kN/m²","1.2 – 1.6 W/m²K","577","0","37","Pre-anodized + Qualicoat Class 1","552","248,11","1414,11","5"
"13","Facade","2","2","4","Company supplies glass units (34% full project margin)","< 1.5 kN/m²","< 0.9 W/m²K","477","42","75","Qualicoat Class 2","672","404,94","1670,94","5"
"14","Facade","2","2","4","External supplier provides glass units (43% material margin only)","< 1.5 kN/m²","< 0.9 W/m²K","477","0","37","Qualicoat Class 2","672","205,11","1391,11","5"
"15","Facade","2","2","4","Company supplies glass units (34% full project margin)","< 1.5 kN/m²","0.9 – 1.2 W/m²K","477","37","75","Qualicoat Class 2","672","403,24","1664,24","5"
"16","Facade","2","2","4","External supplier provides glass units (43% material margin only)","< 1.5 kN/m²","0.9 – 1.2 W/m²K","477","0","37","Qualicoat Class 2","672","205,11","1391,11","5"
"17","Facade","2","2","4","Company supplies glass units (34% full project margin)","< 1.5 kN/m²","1.2 – 1.6 W/m²K","477","32","75","Qualicoat Class 2","672","401,54","1657,54","5"
"18","Facade","2","2","4","External supplier provides glass units (43% material margin only)","< 1.5 kN/m²","1.2 – 1.6 W/m²K","477","0","37","Qualicoat Class 2","672","205,11","1391,11","5"
"19","Facade","2","2","4","Company supplies glass units (34% full project margin)","1.5 – 1.6 kN/m²","< 0.9 W/m²K","577","42","75","Qualicoat Class 2","672","438,94","1804,94","5"
"20","Facade","2","2","4","External supplier provides glass units (43% material margin only)","1.5 – 1.6 kN/m²","< 0.9 W/m²K","577","0","37","Qualicoat Class 2","672","248,11","1534,11","5"
"21","Facade","2","2","4","Company supplies glass units (34% full project margin)","1.5 – 1.6 kN/m²","0.9 – 1.2 W/m²K","577","37","75","Qualicoat Class 2","672","437,24","1798,24","5"
"22","Facade","2","2","4","External supplier provides glass units (43% material margin only)","1.5 – 1.6 kN/m²","0.9 – 1.2 W/m²K","577","0","37","Qualicoat Class 2","672","248,11","1534,11","5"
"23","Facade","2","2","4","Company supplies glass units (34% full project margin)","1.5 – 1.6 kN/m²","1.2 – 1.6 W/m²K","577","32","75","Qualicoat Class 2","672","435,54","1791,54","5"
"24","Facade","2","2","4","External supplier provides glass units (43% material margin only)","1.5 – 1.6 kN/m²","1.2 – 1.6 W/m²K","577","0","37","Qualicoat Class 2","672","248,11","1534,11","5"
"13","Facade","2","2","4","Company supplies glass units (34% full project margin)","< 1.5 kN/m²","< 0.9 W/m²K","477","42","75","Qualicoat Seaside","1072","540,94","2206,94","5"
"14","Facade","2","2","4","External supplier provides glass units (43% material margin only)","< 1.5 kN/m²","< 0.9 W/m²K","477","0","37","Qualicoat Seaside","1072","205,11","1791,11","5"
"15","Facade","2","2","4","Company supplies glass units (34% full project margin)","< 1.5 kN/m²","0.9 – 1.2 W/m²K","477","37","75","Qualicoat Seaside","1072","539,24","2200,24","5"
"16","Facade","2","2","4","External supplier provides glass units (43% material margin only)","< 1.5 kN/m²","0.9 – 1.2 W/m²K","477","0","37","Qualicoat Seaside","1072","205,11","1791,11","5"
"17","Facade","2","2","4","Company supplies glass units (34% full project margin)","< 1.5 kN/m²","1.2 – 1.6 W/m²K","477","32","75","Qualicoat Seaside","1072","537,54","2193,54","5"
"18","Facade","2","2","4","External supplier provides glass units (43% material margin only)","< 1.5 kN/m²","1.2 – 1.6 W/m²K","477","0","37","Qualicoat Seaside","1072","205,11","1791,11","5"
"19","Facade","2","2","4","Company supplies glass units (34% full project margin)","1.5 – 1.6 kN/m²","< 0.9 W/m²K","577","42","75","Qualicoat Seaside","1072","574,94","2340,94","5"
"20","Facade","2","2","4","External supplier provides glass units (43% material margin only)","1.5 – 1.6 kN/m²","< 0.9 W/m²K","577","0","37","Qualicoat Seaside","1072","248,11","1934,11","5"
"21","Facade","2","2","4","Company supplies glass units (34% full project margin)","1.5 – 1.6 kN/m²","0.9 – 1.2 W/m²K","577","37","75","Qualicoat Seaside","1072","573,24","2334,24","5"
"22","Facade","2","2","4","External supplier provides glass units (43% material margin only)","1.5 – 1.6 kN/m²","0.9 – 1.2 W/m²K","577","0","37","Qualicoat Seaside","1072","248,11","1934,11","5"
"23","Facade","2","2","4","Company supplies glass units (34% full project margin)","1.5 – 1.6 kN/m²","1.2 – 1.6 W/m²K","577","32","75","Qualicoat Seaside","1072","571,54","2327,54","5"
"24","Facade","2","2","4","External supplier provides glass units (43% material margin only)","1.5 – 1.6 kN/m²","1.2 – 1.6 W/m²K","577","0","37","Qualicoat Seaside","1072","248,11","1934,11","5"
"1","Double Sliding door","2,5","2,1","5,25","Company supplies glass units (34% full project margin)","< 1.5 kN/m²","< 0.9 W/m²K","4560","261","604","Pre-anodized + Qualicoat Class 1","724,5","1885,47","8034,97","20"
"2","Double Sliding door","2,5","2,1","5,25","External supplier provides glass units (43% material margin only)","< 1.5 kN/m²","< 0.9 W/m²K","4560","0","302","Pre-anodized + Qualicoat Class 1","724,5","1960,8","7547,3","20"
"3","Double Sliding door","2,5","2,1","5,25","Company supplies glass units (34% full project margin)","< 1.5 kN/m²","0.9 – 1.2 W/m²K","4560","248","604","Pre-anodized + Qualicoat Class 1","724,5","1881,05","8017,55","20"
"4","Double Sliding door","2,5","2,1","5,25","External supplier provides glass units (43% material margin only)","< 1.5 kN/m²","0.9 – 1.2 W/m²K","4560","0","302","Pre-anodized + Qualicoat Class 1","724,5","1960,8","7547,3","20"
"5","Double Sliding door","2,5","2,1","5,25","Company supplies glass units (34% full project margin)","< 1.5 kN/m²","1.2 – 1.6 W/m²K","4560","239","604","Pre-anodized + Qualicoat Class 1","724,5","1877,99","8005,49","20"
"6","Double Sliding door","2,5","2,1","5,25","External supplier provides glass units (43% material margin only)","< 1.5 kN/m²","1.2 – 1.6 W/m²K","4560","0","302","Pre-anodized + Qualicoat Class 1","724,5","1960,8","7547,3","20"
"7","Double Sliding door","2,5","2,1","5,25","Company supplies glass units (34% full project margin)","1.5 – 1.6 kN/m²","< 0.9 W/m²K","4560","261","604","Pre-anodized + Qualicoat Class 1","724,5","1885,47","8034,97","20"
"8","Double Sliding door","2,5","2,1","5,25","External supplier provides glass units (43% material margin only)","1.5 – 1.6 kN/m²","< 0.9 W/m²K","4560","0","302","Pre-anodized + Qualicoat Class 1","724,5","1960,8","7547,3","20"
"9","Double Sliding door","2,5","2,1","5,25","Company supplies glass units (34% full project margin)","1.5 – 1.6 kN/m²","0.9 – 1.2 W/m²K","4560","248","604","Pre-anodized + Qualicoat Class 1","724,5","1881,05","8017,55","20"
"10","Double Sliding door","2,5","2,1","5,25","External supplier provides glass units (43% material margin only)","1.5 – 1.6 kN/m²","0.9 – 1.2 W/m²K","4560","0","302","Pre-anodized + Qualicoat Class 1","724,5","1960,8","7547,3","20"
"11","Double Sliding door","2,5","2,1","5,25","Company supplies glass units (34% full project margin)","1.5 – 1.6 kN/m²","1.2 – 1.6 W/m²K","4560","239","604","Pre-anodized + Qualicoat Class 1","724,5","1877,99","8005,49","20"
"12","Double Sliding door","2,5","2,1","5,25","External supplier provides glass units (43% material margin only)","1.5 – 1.6 kN/m²","1.2 – 1.6 W/m²K","4560","0","302","Pre-anodized + Qualicoat Class 1","724,5","1960,8","7547,3","20"
"13","Double Sliding door","2,5","2,1","5,25","Company supplies glass units (34% full project margin)","< 1.5 kN/m²","< 0.9 W/m²K","4560","261","604","Qualicoat Class 2","882","1939,02","8246,02","20"
"14","Double Sliding door","2,5","2,1","5,25","External supplier provides glass units (43% material margin only)","< 1.5 kN/m²","< 0.9 W/m²K","4560","0","302","Qualicoat Class 2","882","1960,8","7704,8","20"
"15","Double Sliding door","2,5","2,1","5,25","Company supplies glass units (34% full project margin)","< 1.5 kN/m²","0.9 – 1.2 W/m²K","4560","248","604","Qualicoat Class 2","882","1934,6","8228,6","20"
"16","Double Sliding door","2,5","2,1","5,25","External supplier provides glass units (43% material margin only)","< 1.5 kN/m²","0.9 – 1.2 W/m²K","4560","0","302","Qualicoat Class 2","882","1960,8","7704,8","20"
"17","Double Sliding door","2,5","2,1","5,25","Company supplies glass units (34% full project margin)","< 1.5 kN/m²","1.2 – 1.6 W/m²K","4560","239","604","Qualicoat Class 2","882","1931,54","8216,54","20"
"18","Double Sliding door","2,5","2,1","5,25","External supplier provides glass units (43% material margin only)","< 1.5 kN/m²","1.2 – 1.6 W/m²K","4560","0","302","Qualicoat Class 2","882","1960,8","7704,8","20"
"19","Double Sliding door","2,5","2,1","5,25","Company supplies glass units (34% full project margin)","1.5 – 1.6 kN/m²","< 0.9 W/m²K","4560","261","604","Qualicoat Class 2","882","1939,02","8246,02","20"
"20","Double Sliding door","2,5","2,1","5,25","External supplier provides glass units (43% material margin only)","1.5 – 1.6 kN/m²","< 0.9 W/m²K","4560","0","302","Qualicoat Class 2","882","1960,8","7704,8","20"
"21","Double Sliding door","2,5","2,1","5,25","Company supplies glass units (34% full project margin)","1.5 – 1.6 kN/m²","0.9 – 1.2 W/m²K","4560","248","604","Qualicoat Class 2","882","1934,6","8228,6","20"
"22","Double Sliding door","2,5","2,1","5,25","External supplier provides glass units (43% material margin only)","1.5 – 1.6 kN/m²","0.9 – 1.2 W/m²K","4560","0","302","Qualicoat Class 2","882","1960,8","7704,8","20"
"23","Double Sliding door","2,5","2,1","5,25","Company supplies glass units (34% full project margin)","1.5 – 1.6 kN/m²","1.2 – 1.6 W/m²K","4560","239","604","Qualicoat Class 2","882","1931,54","8216,54","20"
"24","Double Sliding door","2,5","2,1","5,25","External supplier provides glass units (43% material margin only)","1.5 – 1.6 kN/m²","1.2 – 1.6 W/m²K","4560","0","302","Qualicoat Class 2","882","1960,8","7704,8","20"
"13","Double Sliding door","2,5","2,1","5,25","Company supplies glass units (34% full project margin)","< 1.5 kN/m²","< 0.9 W/m²K","4560","261","604","Qualicoat Seaside","1407","2117,52","8949,52","20"
"14","Double Sliding door","2,5","2,1","5,25","External supplier provides glass units (43% material margin only)","< 1.5 kN/m²","< 0.9 W/m²K","4560","0","302","Qualicoat Seaside","1407","1960,8","8229,8","20"
"15","Double Sliding door","2,5","2,1","5,25","Company supplies glass units (34% full project margin)","< 1.5 kN/m²","0.9 – 1.2 W/m²K","4560","248","604","Qualicoat Seaside","1407","2113,1","8932,1","20"
"16","Double Sliding door","2,5","2,1","5,25","External supplier provides glass units (43% material margin only)","< 1.5 kN/m²","0.9 – 1.2 W/m²K","4560","0","302","Qualicoat Seaside","1407","1960,8","8229,8","20"
"17","Double Sliding door","2,5","2,1","5,25","Company supplies glass units (34% full project margin)","< 1.5 kN/m²","1.2 – 1.6 W/m²K","4560","239","604","Qualicoat Seaside","1407","2110,04","8920,04","20"
"18","Double Sliding door","2,5","2,1","5,25","External supplier provides glass units (43% material margin only)","< 1.5 kN/m²","1.2 – 1.6 W/m²K","4560","0","302","Qualicoat Seaside","1407","1960,8","8229,8","20"
"19","Double Sliding door","2,5","2,1","5,25","Company supplies glass units (34% full project margin)","1.5 – 1.6 kN/m²","< 0.9 W/m²K","4560","261","604","Qualicoat Seaside","1407","2117,52","8949,52","20"
"20","Double Sliding door","2,5","2,1","5,25","External supplier provides glass units (43% material margin only)","1.5 – 1.6 kN/m²","< 0.9 W/m²K","4560","0","302","Qualicoat Seaside","1407","1960,8","8229,8","20"
"21","Double Sliding door","2,5","2,1","5,25","Company supplies glass units (34% full project margin)","1.5 – 1.6 kN/m²","0.9 – 1.2 W/m²K","4560","248","604","Qualicoat Seaside","1407","2113,1","8932,1","20"
"22","Double Sliding door","2,5","2,1","5,25","External supplier provides glass units (43% material margin only)","1.5 – 1.6 kN/m²","0.9 – 1.2 W/m²K","4560","0","302","Qualicoat Seaside","1407","1960,8","8229,8","20"
"23","Double Sliding door","2,5","2,1","5,25","Company supplies glass units (34% full project margin)","1.5 – 1.6 kN/m²","1.2 – 1.6 W/m²K","4560","239","604","Qualicoat Seaside","1407","2110,04","8920,04","20"
"24","Double Sliding door","2,5","2,1","5,25","External supplier provides glass units (43% material margin only)","1.5 – 1.6 kN/m²","1.2 – 1.6 W/m²K","4560","0","302","Qualicoat Seaside","1407","1960,8","8229,8","20"
"1","Double Sliding door","2,5","3,1","7,75","Company supplies glass units (34% full project margin)","< 1.5 kN/m²","< 0.9 W/m²K","5160","261","604","Pre-anodized + Qualicoat Class 1","1069,5","2206,77","9301,27","20"
"2","Double Sliding door","2,5","3,1","7,75","External supplier provides glass units (43% material margin only)","< 1.5 kN/m²","< 0.9 W/m²K","5160","0","302","Pre-anodized + Qualicoat Class 1","1069,5","2218,8","8750,3","20"
"3","Double Sliding door","2,5","3,1","7,75","Company supplies glass units (34% full project margin)","< 1.5 kN/m²","0.9 – 1.2 W/m²K","5160","248","604","Pre-anodized + Qualicoat Class 1","1069,5","2202,35","9283,85","20"
"4","Double Sliding door","2,5","3,1","7,75","External supplier provides glass units (43% material margin only)","< 1.5 kN/m²","0.9 – 1.2 W/m²K","5160","0","302","Pre-anodized + Qualicoat Class 1","1069,5","2218,8","8750,3","20"
"5","Double Sliding door","2,5","3,1","7,75","Company supplies glass units (34% full project margin)","< 1.5 kN/m²","1.2 – 1.6 W/m²K","5160","239","604","Pre-anodized + Qualicoat Class 1","1069,5","2199,29","9271,79","20"
"6","Double Sliding door","2,5","3,1","7,75","External supplier provides glass units (43% material margin only)","< 1.5 kN/m²","1.2 – 1.6 W/m²K","5160","0","302","Pre-anodized + Qualicoat Class 1","1069,5","2218,8","8750,3","20"
"7","Double Sliding door","2,5","3,1","7,75","Company supplies glass units (34% full project margin)","1.5 – 1.6 kN/m²","< 0.9 W/m²K","5160","261","604","Pre-anodized + Qualicoat Class 1","1069,5","2206,77","9301,27","20"
"8","Double Sliding door","2,5","3,1","7,75","External supplier provides glass units (43% material margin only)","1.5 – 1.6 kN/m²","< 0.9 W/m²K","5160","0","302","Pre-anodized + Qualicoat Class 1","1069,5","2218,8","8750,3","20"
"9","Double Sliding door","2,5","3,1","7,75","Company supplies glass units (34% full project margin)","1.5 – 1.6 kN/m²","0.9 – 1.2 W/m²K","5160","248","604","Pre-anodized + Qualicoat Class 1","1069,5","2202,35","9283,85","20"
"10","Double Sliding door","2,5","3,1","7,75","External supplier provides glass units (43% material margin only)","1.5 – 1.6 kN/m²","0.9 – 1.2 W/m²K","5160","0","302","Pre-anodized + Qualicoat Class 1","1069,5","2218,8","8750,3","20"
"11","Double Sliding door","2,5","3,1","7,75","Company supplies glass units (34% full project margin)","1.5 – 1.6 kN/m²","1.2 – 1.6 W/m²K","5160","239","604","Pre-anodized + Qualicoat Class 1","1069,5","2199,29","9271,79","20"
"12","Double Sliding door","2,5","3,1","7,75","External supplier provides glass units (43% material margin only)","1.5 – 1.6 kN/m²","1.2 – 1.6 W/m²K","5160","0","302","Pre-anodized + Qualicoat Class 1","1069,5","2218,8","8750,3","20"
"13","Double Sliding door","2,5","3,1","7,75","Company supplies glass units (34% full project margin)","< 1.5 kN/m²","< 0.9 W/m²K","5160","261","604","Qualicoat Class 2","1302","2285,82","9612,82","20"
"14","Double Sliding door","2,5","3,1","7,75","External supplier provides glass units (43% material margin only)","< 1.5 kN/m²","< 0.9 W/m²K","5160","0","302","Qualicoat Class 2","1302","2218,8","8982,8","20"
"15","Double Sliding door","2,5","3,1","7,75","Company supplies glass units (34% full project margin)","< 1.5 kN/m²","0.9 – 1.2 W/m²K","5160","248","604","Qualicoat Class 2","1302","2281,4","9595,4","20"
"16","Double Sliding door","2,5","3,1","7,75","External supplier provides glass units (43% material margin only)","< 1.5 kN/m²","0.9 – 1.2 W/m²K","5160","0","302","Qualicoat Class 2","1302","2218,8","8982,8","20"
"17","Double Sliding door","2,5","3,1","7,75","Company supplies glass units (34% full project margin)","< 1.5 kN/m²","1.2 – 1.6 W/m²K","5160","239","604","Qualicoat Class 2","1302","2278,34","9583,34","20"
"18","Double Sliding door","2,5","3,1","7,75","External supplier provides glass units (43% material margin only)","< 1.5 kN/m²","1.2 – 1.6 W/m²K","5160","0","302","Qualicoat Class 2","1302","2218,8","8982,8","20"
"19","Double Sliding door","2,5","3,1","7,75","Company supplies glass units (34% full project margin)","1.5 – 1.6 kN/m²","< 0.9 W/m²K","5160","261","604","Qualicoat Class 2","1302","2285,82","9612,82","20"
"20","Double Sliding door","2,5","3,1","7,75","External supplier provides glass units (43% material margin only)","1.5 – 1.6 kN/m²","< 0.9 W/m²K","5160","0","302","Qualicoat Class 2","1302","2218,8","8982,8","20"
"21","Double Sliding door","2,5","3,1","7,75","Company supplies glass units (34% full project margin)","1.5 – 1.6 kN/m²","0.9 – 1.2 W/m²K","5160","248","604","Qualicoat Class 2","1302","2281,4","9595,4","20"
"22","Double Sliding door","2,5","3,1","7,75","External supplier provides glass units (43% material margin only)","1.5 – 1.6 kN/m²","0.9 – 1.2 W/m²K","5160","0","302","Qualicoat Class 2","1302","2218,8","8982,8","20"
"23","Double Sliding door","2,5","3,1","7,75","Company supplies glass units (34% full project margin)","1.5 – 1.6 kN/m²","1.2 – 1.6 W/m²K","5160","239","604","Qualicoat Class 2","1302","2278,34","9583,34","20"
"24","Double Sliding door","2,5","3,1","7,75","External supplier provides glass units (43% material margin only)","1.5 – 1.6 kN/m²","1.2 – 1.6 W/m²K","5160","0","302","Qualicoat Class 2","1302","2218,8","8982,8","20"
"13","Double Sliding door","2,5","3,1","7,75","Company supplies glass units (34% full project margin)","< 1.5 kN/m²","< 0.9 W/m²K","5160","261","604","Qualicoat Seaside","2077","2549,32","10651,32","20"
"14","Double Sliding door","2,5","3,1","7,75","External supplier provides glass units (43% material margin only)","< 1.5 kN/m²","< 0.9 W/m²K","5160","0","302","Qualicoat Seaside","2077","2218,8","9757,8","20"
"15","Double Sliding door","2,5","3,1","7,75","Company supplies glass units (34% full project margin)","< 1.5 kN/m²","0.9 – 1.2 W/m²K","5160","248","604","Qualicoat Seaside","2077","2544,9","10633,9","20"
"16","Double Sliding door","2,5","3,1","7,75","External supplier provides glass units (43% material margin only)","< 1.5 kN/m²","0.9 – 1.2 W/m²K","5160","0","302","Qualicoat Seaside","2077","2218,8","9757,8","20"
"17","Double Sliding door","2,5","3,1","7,75","Company supplies glass units (34% full project margin)","< 1.5 kN/m²","1.2 – 1.6 W/m²K","5160","239","604","Qualicoat Seaside","2077","2541,84","10621,84","20"
"18","Double Sliding door","2,5","3,1","7,75","External supplier provides glass units (43% material margin only)","< 1.5 kN/m²","1.2 – 1.6 W/m²K","5160","0","302","Qualicoat Seaside","2077","2218,8","9757,8","20"
"19","Double Sliding door","2,5","3,1","7,75","Company supplies glass units (34% full project margin)","1.5 – 1.6 kN/m²","< 0.9 W/m²K","5160","261","604","Qualicoat Seaside","2077","2549,32","10651,32","20"
"20","Double Sliding door","2,5","3,1","7,75","External supplier provides glass units (43% material margin only)","1.5 – 1.6 kN/m²","< 0.9 W/m²K","5160","0","302","Qualicoat Seaside","2077","2218,8","9757,8","20"
"21","Double Sliding door","2,5","3,1","7,75","Company supplies glass units (34% full project margin)","1.5 – 1.6 kN/m²","0.9 – 1.2 W/m²K","5160","248","604","Qualicoat Seaside","2077","2544,9","10633,9","20"
"22","Double Sliding door","2,5","3,1","7,75","External supplier provides glass units (43% material margin only)","1.5 – 1.6 kN/m²","0.9 – 1.2 W/m²K","5160","0","302","Qualicoat Seaside","2077","2218,8","9757,8","20"
"23","Double Sliding door","2,5","3,1","7,75","Company supplies glass units (34% full project margin)","1.5 – 1.6 kN/m²","1.2 – 1.6 W/m²K","5160","239","604","Qualicoat Seaside","2077","2541,84","10621,84","20"
"24","Double Sliding door","2,5","3,1","7,75","External supplier provides glass units (43% material margin only)","1.5 – 1.6 kN/m²","1.2 – 1.6 W/m²K","5160","0","302","Qualicoat Seaside","2077","2218,8","9757,8","20"
"1","Triple Sliding door","3","2,4","7,2","Company supplies glass units (34% full project margin)","< 1.5 kN/m²","< 0.9 W/m²K","6783","361","888","Pre-anodized + Qualicoat Class 1","993,6","2766,784","11792,384","26"
"2","Triple Sliding door","3","2,4","7,2","External supplier provides glass units (43% material margin only)","< 1.5 kN/m²","< 0.9 W/m²K","6783","0","444","Pre-anodized + Qualicoat Class 1","993,6","2916,69","11137,29","26"
"3","Triple Sliding door","3","2,4","7,2","Company supplies glass units (34% full project margin)","< 1.5 kN/m²","0.9 – 1.2 W/m²K","6783","348","888","Pre-anodized + Qualicoat Class 1","993,6","2762,364","11774,964","26"
"4","Triple Sliding door","3","2,4","7,2","External supplier provides glass units (43% material margin only)","< 1.5 kN/m²","0.9 – 1.2 W/m²K","6783","0","444","Pre-anodized + Qualicoat Class 1","993,6","2916,69","11137,29","26"
"5","Triple Sliding door","3","2,4","7,2","Company supplies glass units (34% full project margin)","< 1.5 kN/m²","1.2 – 1.6 W/m²K","6783","358","888","Pre-anodized + Qualicoat Class 1","993,6","2765,764","11788,364","26"
"6","Triple Sliding door","3","2,4","7,2","External supplier provides glass units (43% material margin only)","< 1.5 kN/m²","1.2 – 1.6 W/m²K","6783","0","444","Pre-anodized + Qualicoat Class 1","993,6","2916,69","11137,29","26"
"7","Triple Sliding door","3","2,4","7,2","Company supplies glass units (34% full project margin)","1.5 – 1.6 kN/m²","< 0.9 W/m²K","6783","361","888","Pre-anodized + Qualicoat Class 1","993,6","2766,784","11792,384","26"
"8","Triple Sliding door","3","2,4","7,2","External supplier provides glass units (43% material margin only)","1.5 – 1.6 kN/m²","< 0.9 W/m²K","6783","0","444","Pre-anodized + Qualicoat Class 1","993,6","2916,69","11137,29","26"
"9","Triple Sliding door","3","2,4","7,2","Company supplies glass units (34% full project margin)","1.5 – 1.6 kN/m²","0.9 – 1.2 W/m²K","6783","348","888","Pre-anodized + Qualicoat Class 1","993,6","2762,364","11774,964","26"
"10","Triple Sliding door","3","2,4","7,2","External supplier provides glass units (43% material margin only)","1.5 – 1.6 kN/m²","0.9 – 1.2 W/m²K","6783","0","444","Pre-anodized + Qualicoat Class 1","993,6","2916,69","11137,29","26"
"11","Triple Sliding door","3","2,4","7,2","Company supplies glass units (34% full project margin)","1.5 – 1.6 kN/m²","1.2 – 1.6 W/m²K","6783","358","888","Pre-anodized + Qualicoat Class 1","993,6","2765,764","11788,364","26"
"12","Triple Sliding door","3","2,4","7,2","External supplier provides glass units (43% material margin only)","1.5 – 1.6 kN/m²","1.2 – 1.6 W/m²K","6783","0","444","Pre-anodized + Qualicoat Class 1","993,6","2916,69","11137,29","26"
"13","Triple Sliding door","3","2,4","7,2","Company supplies glass units (34% full project margin)","< 1.5 kN/m²","< 0.9 W/m²K","6783","361","888","Qualicoat Class 2","1209,6","2840,224","12081,824","26"
"14","Triple Sliding door","3","2,4","7,2","External supplier provides glass units (43% material margin only)","< 1.5 kN/m²","< 0.9 W/m²K","6783","0","444","Qualicoat Class 2","1209,6","2916,69","11353,29","26"
"15","Triple Sliding door","3","2,4","7,2","Company supplies glass units (34% full project margin)","< 1.5 kN/m²","0.9 – 1.2 W/m²K","6783","348","888","Qualicoat Class 2","1209,6","2835,804","12064,404","26"
"16","Triple Sliding door","3","2,4","7,2","External supplier provides glass units (43% material margin only)","< 1.5 kN/m²","0.9 – 1.2 W/m²K","6783","0","444","Qualicoat Class 2","1209,6","2916,69","11353,29","26"
"17","Triple Sliding door","3","2,4","7,2","Company supplies glass units (34% full project margin)","< 1.5 kN/m²","1.2 – 1.6 W/m²K","6783","358","888","Qualicoat Class 2","1209,6","2839,204","12077,804","26"
"18","Triple Sliding door","3","2,4","7,2","External supplier provides glass units (43% material margin only)","< 1.5 kN/m²","1.2 – 1.6 W/m²K","6783","0","444","Qualicoat Class 2","1209,6","2916,69","11353,29","26"
"19","Triple Sliding door","3","2,4","7,2","Company supplies glass units (34% full project margin)","1.5 – 1.6 kN/m²","< 0.9 W/m²K","6783","361","888","Qualicoat Class 2","1209,6","2840,224","12081,824","26"
"20","Triple Sliding door","3","2,4","7,2","External supplier provides glass units (43% material margin only)","1.5 – 1.6 kN/m²","< 0.9 W/m²K","6783","0","444","Qualicoat Class 2","1209,6","2916,69","11353,29","26"
"21","Triple Sliding door","3","2,4","7,2","Company supplies glass units (34% full project margin)","1.5 – 1.6 kN/m²","0.9 – 1.2 W/m²K","6783","348","888","Qualicoat Class 2","1209,6","2835,804","12064,404","26"
"22","Triple Sliding door","3","2,4","7,2","External supplier provides glass units (43% material margin only)","1.5 – 1.6 kN/m²","0.9 – 1.2 W/m²K","6783","0","444","Qualicoat Class 2","1209,6","2916,69","11353,29","26"
"23","Triple Sliding door","3","2,4","7,2","Company supplies glass units (34% full project margin)","1.5 – 1.6 kN/m²","1.2 – 1.6 W/m²K","6783","358","888","Qualicoat Class 2","1209,6","2839,204","12077,804","26"
"24","Triple Sliding door","3","2,4","7,2","External supplier provides glass units (43% material margin only)","1.5 – 1.6 kN/m²","1.2 – 1.6 W/m²K","6783","0","444","Qualicoat Class 2","1209,6","2916,69","11353,29","26"
"13","Triple Sliding door","3","2,4","7,2","Company supplies glass units (34% full project margin)","< 1.5 kN/m²","< 0.9 W/m²K","6783","361","888","Qualicoat Seaside","1929,6","3085,024","13046,624","26"
"14","Triple Sliding door","3","2,4","7,2","External supplier provides glass units (43% material margin only)","< 1.5 kN/m²","< 0.9 W/m²K","6783","0","444","Qualicoat Seaside","1929,6","2916,69","12073,29","26"
"15","Triple Sliding door","3","2,4","7,2","Company supplies glass units (34% full project margin)","< 1.5 kN/m²","0.9 – 1.2 W/m²K","6783","348","888","Qualicoat Seaside","1929,6","3080,604","13029,204","26"
"16","Triple Sliding door","3","2,4","7,2","External supplier provides glass units (43% material margin only)","< 1.5 kN/m²","0.9 – 1.2 W/m²K","6783","0","444","Qualicoat Seaside","1929,6","2916,69","12073,29","26"
"17","Triple Sliding door","3","2,4","7,2","Company supplies glass units (34% full project margin)","< 1.5 kN/m²","1.2 – 1.6 W/m²K","6783","358","888","Qualicoat Seaside","1929,6","3084,004","13042,604","26"
"18","Triple Sliding door","3","2,4","7,2","External supplier provides glass units (43% material margin only)","< 1.5 kN/m²","1.2 – 1.6 W/m²K","6783","0","444","Qualicoat Seaside","1929,6","2916,69","12073,29","26"
"19","Triple Sliding door","3","2,4","7,2","Company supplies glass units (34% full project margin)","1.5 – 1.6 kN/m²","< 0.9 W/m²K","6783","361","888","Qualicoat Seaside","1929,6","3085,024","13046,624","26"
"20","Triple Sliding door","3","2,4","7,2","External supplier provides glass units (43% material margin only)","1.5 – 1.6 kN/m²","< 0.9 W/m²K","6783","0","444","Qualicoat Seaside","1929,6","2916,69","12073,29","26"
"21","Triple Sliding door","3","2,4","7,2","Company supplies glass units (34% full project margin)","1.5 – 1.6 kN/m²","0.9 – 1.2 W/m²K","6783","348","888","Qualicoat Seaside","1929,6","3080,604","13029,204","26"
"22","Triple Sliding door","3","2,4","7,2","External supplier provides glass units (43% material margin only)","1.5 – 1.6 kN/m²","0.9 – 1.2 W/m²K","6783","0","444","Qualicoat Seaside","1929,6","2916,69","12073,29","26"
"23","Triple Sliding door","3","2,4","7,2","Company supplies glass units (34% full project margin)","1.5 – 1.6 kN/m²","1.2 – 1.6 W/m²K","6783","358","888","Qualicoat Seaside","1929,6","3084,004","13042,604","26"
"24","Triple Sliding door","3","2,4","7,2","External supplier provides glass units (43% material margin only)","1.5 – 1.6 kN/m²","1.2 – 1.6 W/m²K","6783","0","444","Qualicoat Seaside","1929,6","2916,69","12073,29","26"
"1","Triple Sliding door","3","3","9","Company supplies glass units (34% full project margin)","< 1.5 kN/m²","< 0.9 W/m²K","7593","461","888","Pre-anodized + Qualicoat Class 1","1242","3160,64","13344,64","26"
"2","Triple Sliding door","3","3","9","External supplier provides glass units (43% material margin only)","< 1.5 kN/m²","< 0.9 W/m²K","7593","0","444","Pre-anodized + Qualicoat Class 1","1242","3264,99","12543,99","26"
"3","Triple Sliding door","3","3","9","Company supplies glass units (34% full project margin)","< 1.5 kN/m²","0.9 – 1.2 W/m²K","7593","448","888","Pre-anodized + Qualicoat Class 1","1242","3156,22","13327,22","26"
"4","Triple Sliding door","3","3","9","External supplier provides glass units (43% material margin only)","< 1.5 kN/m²","0.9 – 1.2 W/m²K","7593","0","444","Pre-anodized + Qualicoat Class 1","1242","3264,99","12543,99","26"
"5","Triple Sliding door","3","3","9","Company supplies glass units (34% full project margin)","< 1.5 kN/m²","1.2 – 1.6 W/m²K","7593","435","888","Pre-anodized + Qualicoat Class 1","1242","3151,8","13309,8","26"
"6","Triple Sliding door","3","3","9","External supplier provides glass units (43% material margin only)","< 1.5 kN/m²","1.2 – 1.6 W/m²K","7593","0","444","Pre-anodized + Qualicoat Class 1","1242","3264,99","12543,99","26"
"7","Triple Sliding door","3","3","9","Company supplies glass units (34% full project margin)","1.5 – 1.6 kN/m²","< 0.9 W/m²K","7593","461","888","Pre-anodized + Qualicoat Class 1","1242","3160,64","13344,64","26"
"8","Triple Sliding door","3","3","9","External supplier provides glass units (43% material margin only)","1.5 – 1.6 kN/m²","< 0.9 W/m²K","7593","0","444","Pre-anodized + Qualicoat Class 1","1242","3264,99","12543,99","26"
"9","Triple Sliding door","3","3","9","Company supplies glass units (34% full project margin)","1.5 – 1.6 kN/m²","0.9 – 1.2 W/m²K","7593","448","888","Pre-anodized + Qualicoat Class 1","1242","3156,22","13327,22","26"
"10","Triple Sliding door","3","3","9","External supplier provides glass units (43% material margin only)","1.5 – 1.6 kN/m²","0.9 – 1.2 W/m²K","7593","0","444","Pre-anodized + Qualicoat Class 1","1242","3264,99","12543,99","26"
"11","Triple Sliding door","3","3","9","Company supplies glass units (34% full project margin)","1.5 – 1.6 kN/m²","1.2 – 1.6 W/m²K","7593","435","888","Pre-anodized + Qualicoat Class 1","1242","3151,8","13309,8","26"
"12","Triple Sliding door","3","3","9","External supplier provides glass units (43% material margin only)","1.5 – 1.6 kN/m²","1.2 – 1.6 W/m²K","7593","0","444","Pre-anodized + Qualicoat Class 1","1242","3264,99","12543,99","26"
"13","Triple Sliding door","3","3","9","Company supplies glass units (34% full project margin)","< 1.5 kN/m²","< 0.9 W/m²K","7593","461","888","Qualicoat Class 2","1512","3252,44","13706,44","26"
"14","Triple Sliding door","3","3","9","External supplier provides glass units (43% material margin only)","< 1.5 kN/m²","< 0.9 W/m²K","7593","0","444","Qualicoat Class 2","1512","3264,99","12813,99","26"
"15","Triple Sliding door","3","3","9","Company supplies glass units (34% full project margin)","< 1.5 kN/m²","0.9 – 1.2 W/m²K","7593","448","888","Qualicoat Class 2","1512","3248,02","13689,02","26"
"16","Triple Sliding door","3","3","9","External supplier provides glass units (43% material margin only)","< 1.5 kN/m²","0.9 – 1.2 W/m²K","7593","0","444","Qualicoat Class 2","1512","3264,99","12813,99","26"
"17","Triple Sliding door","3","3","9","Company supplies glass units (34% full project margin)","< 1.5 kN/m²","1.2 – 1.6 W/m²K","7593","435","888","Qualicoat Class 2","1512","3243,6","13671,6","26"
"18","Triple Sliding door","3","3","9","External supplier provides glass units (43% material margin only)","< 1.5 kN/m²","1.2 – 1.6 W/m²K","7593","0","444","Qualicoat Class 2","1512","3264,99","12813,99","26"
"19","Triple Sliding door","3","3","9","Company supplies glass units (34% full project margin)","1.5 – 1.6 kN/m²","< 0.9 W/m²K","7593","461","888","Qualicoat Class 2","1512","3252,44","13706,44","26"
"20","Triple Sliding door","3","3","9","External supplier provides glass units (43% material margin only)","1.5 – 1.6 kN/m²","< 0.9 W/m²K","7593","0","444","Qualicoat Class 2","1512","3264,99","12813,99","26"
"21","Triple Sliding door","3","3","9","Company supplies glass units (34% full project margin)","1.5 – 1.6 kN/m²","0.9 – 1.2 W/m²K","7593","448","888","Qualicoat Class 2","1512","3248,02","13689,02","26"
"22","Triple Sliding door","3","3","9","External supplier provides glass units (43% material margin only)","1.5 – 1.6 kN/m²","0.9 – 1.2 W/m²K","7593","0","444","Qualicoat Class 2","1512","3264,99","12813,99","26"
"23","Triple Sliding door","3","3","9","Company supplies glass units (34% full project margin)","1.5 – 1.6 kN/m²","1.2 – 1.6 W/m²K","7593","435","888","Qualicoat Class 2","1512","3243,6","13671,6","26"
"24","Triple Sliding door","3","3","9","External supplier provides glass units (43% material margin only)","1.5 – 1.6 kN/m²","1.2 – 1.6 W/m²K","7593","0","444","Qualicoat Class 2","1512","3264,99","12813,99","26"
"13","Triple Sliding door","3","3","9","Company supplies glass units (34% full project margin)","< 1.5 kN/m²","< 0.9 W/m²K","7593","461","888","Qualicoat Seaside","2412","3558,44","14912,44","26"
"14","Triple Sliding door","3","3","9","External supplier provides glass units (43% material margin only)","< 1.5 kN/m²","< 0.9 W/m²K","7593","0","444","Qualicoat Seaside","2412","3264,99","13713,99","26"
"15","Triple Sliding door","3","3","9","Company supplies glass units (34% full project margin)","< 1.5 kN/m²","0.9 – 1.2 W/m²K","7593","448","888","Qualicoat Seaside","2412","3554,02","14895,02","26"
"16","Triple Sliding door","3","3","9","External supplier provides glass units (43% material margin only)","< 1.5 kN/m²","0.9 – 1.2 W/m²K","7593","0","444","Qualicoat Seaside","2412","3264,99","13713,99","26"
"17","Triple Sliding door","3","3","9","Company supplies glass units (34% full project margin)","< 1.5 kN/m²","1.2 – 1.6 W/m²K","7593","435","888","Qualicoat Seaside","2412","3549,6","14877,6","26"
"18","Triple Sliding door","3","3","9","External supplier provides glass units (43% material margin only)","< 1.5 kN/m²","1.2 – 1.6 W/m²K","7593","0","444","Qualicoat Seaside","2412","3264,99","13713,99","26"
"19","Triple Sliding door","3","3","9","Company supplies glass units (34% full project margin)","1.5 – 1.6 kN/m²","< 0.9 W/m²K","7593","461","888","Qualicoat Seaside","2412","3558,44","14912,44","26"
"20","Triple Sliding door","3","3","9","External supplier provides glass units (43% material margin only)","1.5 – 1.6 kN/m²","< 0.9 W/m²K","7593","0","444","Qualicoat Seaside","2412","3264,99","13713,99","26"
"21","Triple Sliding door","3","3","9","Company supplies glass units (34% full project margin)","1.5 – 1.6 kN/m²","0.9 – 1.2 W/m²K","7593","448","888","Qualicoat Seaside","2412","3554,02","14895,02","26"
"22","Triple Sliding door","3","3","9","External supplier provides glass units (43% material margin only)","1.5 – 1.6 kN/m²","0.9 – 1.2 W/m²K","7593","0","444","Qualicoat Seaside","2412","3264,99","13713,99","26"
"23","Triple Sliding door","3","3","9","Company supplies glass units (34% full project margin)","1.5 – 1.6 kN/m²","1.2 – 1.6 W/m²K","7593","435","888","Qualicoat Seaside","2412","3549,6","14877,6","26"
"24","Triple Sliding door","3","3","9","External supplier provides glass units (43% material margin only)","1.5 – 1.6 kN/m²","1.2 – 1.6 W/m²K","7593","0","444","Qualicoat Seaside","2412","3264,99","13713,99","26"
"1","Folding door","3","2,1","6,3","Company supplies glass units (34% full project margin)","< 1.5 kN/m²","< 0.9 W/m²K","3752","312","383","Pre-anodized + Qualicoat Class 1","869,4","1677,356","6993,756","8"
"2","Folding door","3","2,1","6,3","External supplier provides glass units (43% material margin only)","< 1.5 kN/m²","< 0.9 W/m²K","3752","0","191","Pre-anodized + Qualicoat Class 1","869,4","1613,36","6425,76","4"
"3","Folding door","3","2,1","6,3","Company supplies glass units (34% full project margin)","< 1.5 kN/m²","0.9 – 1.2 W/m²K","3752","289","383","Pre-anodized + Qualicoat Class 1","869,4","1669,536","6962,936","4"
"4","Folding door","3","2,1","6,3","External supplier provides glass units (43% material margin only)","< 1.5 kN/m²","0.9 – 1.2 W/m²K","3752","0","191","Pre-anodized + Qualicoat Class 1","869,4","1613,36","6425,76","4"
"5","Folding door","3","2,1","6,3","Company supplies glass units (34% full project margin)","< 1.5 kN/m²","1.2 – 1.6 W/m²K","3752","278","383","Pre-anodized + Qualicoat Class 1","869,4","1665,796","6948,196","4"
"6","Folding door","3","2,1","6,3","External supplier provides glass units (43% material margin only)","< 1.5 kN/m²","1.2 – 1.6 W/m²K","3752","0","191","Pre-anodized + Qualicoat Class 1","869,4","1613,36","6425,76","4"
"7","Folding door","3","2,1","6,3","Company supplies glass units (34% full project margin)","1.5 – 1.6 kN/m²","< 0.9 W/m²K","3752","312","383","Pre-anodized + Qualicoat Class 1","869,4","1677,356","6993,756","4"
"8","Folding door","3","2,1","6,3","External supplier provides glass units (43% material margin only)","1.5 – 1.6 kN/m²","< 0.9 W/m²K","3752","0","191","Pre-anodized + Qualicoat Class 1","869,4","1613,36","6425,76","4"
"9","Folding door","3","2,1","6,3","Company supplies glass units (34% full project margin)","1.5 – 1.6 kN/m²","0.9 – 1.2 W/m²K","3752","289","383","Pre-anodized + Qualicoat Class 1","869,4","1669,536","6962,936","4"
"10","Folding door","3","2,1","6,3","External supplier provides glass units (43% material margin only)","1.5 – 1.6 kN/m²","0.9 – 1.2 W/m²K","3752","0","191","Pre-anodized + Qualicoat Class 1","869,4","1613,36","6425,76","4"
"11","Folding door","3","2,1","6,3","Company supplies glass units (34% full project margin)","1.5 – 1.6 kN/m²","1.2 – 1.6 W/m²K","3752","278","383","Pre-anodized + Qualicoat Class 1","869,4","1665,796","6948,196","4"
"12","Folding door","3","2,1","6,3","External supplier provides glass units (43% material margin only)","1.5 – 1.6 kN/m²","1.2 – 1.6 W/m²K","3752","0","191","Pre-anodized + Qualicoat Class 1","869,4","1613,36","6425,76","4"
"13","Folding door","3","2,1","6,3","Company supplies glass units (34% full project margin)","< 1.5 kN/m²","< 0.9 W/m²K","3752","312","383","Qualicoat Class 2","1058,4","1741,616","7247,016","4"
"14","Folding door","3","2,1","6,3","External supplier provides glass units (43% material margin only)","< 1.5 kN/m²","< 0.9 W/m²K","3752","0","191","Qualicoat Class 2","1058,4","1613,36","6614,76","4"
"15","Folding door","3","2,1","6,3","Company supplies glass units (34% full project margin)","< 1.5 kN/m²","0.9 – 1.2 W/m²K","3752","289","383","Qualicoat Class 2","1058,4","1733,796","7216,196","4"
"16","Folding door","3","2,1","6,3","External supplier provides glass units (43% material margin only)","< 1.5 kN/m²","0.9 – 1.2 W/m²K","3752","0","191","Qualicoat Class 2","1058,4","1613,36","6614,76","4"
"17","Folding door","3","2,1","6,3","Company supplies glass units (34% full project margin)","< 1.5 kN/m²","1.2 – 1.6 W/m²K","3752","278","383","Qualicoat Class 2","1058,4","1730,056","7201,456","4"
"18","Folding door","3","2,1","6,3","External supplier provides glass units (43% material margin only)","< 1.5 kN/m²","1.2 – 1.6 W/m²K","3752","0","191","Qualicoat Class 2","1058,4","1613,36","6614,76","4"
"19","Folding door","3","2,1","6,3","Company supplies glass units (34% full project margin)","1.5 – 1.6 kN/m²","< 0.9 W/m²K","3752","312","383","Qualicoat Class 2","1058,4","1741,616","7247,016","4"
"20","Folding door","3","2,1","6,3","External supplier provides glass units (43% material margin only)","1.5 – 1.6 kN/m²","< 0.9 W/m²K","3752","0","191","Qualicoat Class 2","1058,4","1613,36","6614,76","4"
"21","Folding door","3","2,1","6,3","Company supplies glass units (34% full project margin)","1.5 – 1.6 kN/m²","0.9 – 1.2 W/m²K","3752","289","383","Qualicoat Class 2","1058,4","1733,796","7216,196","4"
"22","Folding door","3","2,1","6,3","External supplier provides glass units (43% material margin only)","1.5 – 1.6 kN/m²","0.9 – 1.2 W/m²K","3752","0","191","Qualicoat Class 2","1058,4","1613,36","6614,76","4"
"23","Folding door","3","2,1","6,3","Company supplies glass units (34% full project margin)","1.5 – 1.6 kN/m²","1.2 – 1.6 W/m²K","3752","278","383","Qualicoat Class 2","1058,4","1730,056","7201,456","4"
"24","Folding door","3","2,1","6,3","External supplier provides glass units (43% material margin only)","1.5 – 1.6 kN/m²","1.2 – 1.6 W/m²K","3752","0","191","Qualicoat Class 2","1058,4","1613,36","6614,76","4"
"13","Folding door","3","2,1","6,3","Company supplies glass units (34% full project margin)","< 1.5 kN/m²","< 0.9 W/m²K","3752","312","383","Qualicoat Seaside","1688,4","1955,816","8091,216","4"
"14","Folding door","3","2,1","6,3","External supplier provides glass units (43% material margin only)","< 1.5 kN/m²","< 0.9 W/m²K","3752","0","191","Qualicoat Seaside","1688,4","1613,36","7244,76","4"
"15","Folding door","3","2,1","6,3","Company supplies glass units (34% full project margin)","< 1.5 kN/m²","0.9 – 1.2 W/m²K","3752","289","383","Qualicoat Seaside","1688,4","1947,996","8060,396","4"
"16","Folding door","3","2,1","6,3","External supplier provides glass units (43% material margin only)","< 1.5 kN/m²","0.9 – 1.2 W/m²K","3752","0","191","Qualicoat Seaside","1688,4","1613,36","7244,76","4"
"17","Folding door","3","2,1","6,3","Company supplies glass units (34% full project margin)","< 1.5 kN/m²","1.2 – 1.6 W/m²K","3752","278","383","Qualicoat Seaside","1688,4","1944,256","8045,656","4"
"18","Folding door","3","2,1","6,3","External supplier provides glass units (43% material margin only)","< 1.5 kN/m²","1.2 – 1.6 W/m²K","3752","0","191","Qualicoat Seaside","1688,4","1613,36","7244,76","4"
"19","Folding door","3","2,1","6,3","Company supplies glass units (34% full project margin)","1.5 – 1.6 kN/m²","< 0.9 W/m²K","3752","312","383","Qualicoat Seaside","1688,4","1955,816","8091,216","4"
"20","Folding door","3","2,1","6,3","External supplier provides glass units (43% material margin only)","1.5 – 1.6 kN/m²","< 0.9 W/m²K","3752","0","191","Qualicoat Seaside","1688,4","1613,36","7244,76","4"
"21","Folding door","3","2,1","6,3","Company supplies glass units (34% full project margin)","1.5 – 1.6 kN/m²","0.9 – 1.2 W/m²K","3752","289","383","Qualicoat Seaside","1688,4","1947,996","8060,396","4"
"22","Folding door","3","2,1","6,3","External supplier provides glass units (43% material margin only)","1.5 – 1.6 kN/m²","0.9 – 1.2 W/m²K","3752","0","191","Qualicoat Seaside","1688,4","1613,36","7244,76","4"
"23","Folding door","3","2,1","6,3","Company supplies glass units (34% full project margin)","1.5 – 1.6 kN/m²","1.2 – 1.6 W/m²K","3752","278","383","Qualicoat Seaside","1688,4","1944,256","8045,656","4"
"24","Folding door","3","2,1","6,3","External supplier provides glass units (43% material margin only)","1.5 – 1.6 kN/m²","1.2 – 1.6 W/m²K","3752","0","191","Qualicoat Seaside","1688,4","1613,36","7244,76","4"
